Record Length,2500,Points,-1.000000E-6,1.2000000,
Sample Interval,3.99999989E-9,s,-996.000039777E-9,1.1840000,
Trigger Point,250.00000644,Samples,-991.999968392E-9,1.2000000,
,,,-988.000010693E-9,1.1840000,
,,,-984.000052995E-9,1.2000000,
,,,-979.999981610E-9,1.1920000,
Source,CH1,,-976.000023911E-9,1.1840000,
Vertical Units,Volts,,-971.999952526E-9,1.1920000,
Vertical Scale,200.00000950E-3,,-967.999994828E-9,1.1920000,
Vertical Offset,0,,-964.000037129E-9,1.1840000,
Horizontal Units,s,,-959.999965744E-9,1.1920000,
Horizontal Scale,1.000000E-6,,-956.000008046E-9,1.1920000,
Pt Fmt,Y,,-951.999993504E-9,1.1920000,
Yzero,-3.00000000,,-947.999978962E-9,1.1920000,
Probe Atten,1.000000,,-944.000021263E-9,1.1920000,
,,,-940.000006722E-9,1.1920000,
Note,TDS 2022B - 14:21:39   18.09.2014,,-935.999992180E-9,1.1840000,
,,,-931.999977638E-9,1.1920000,
,,,-928.000019940E-9,1.1920000,
,,,-924.000005398E-9,1.2000000,
,,,-919.999990856E-9,1.2000000,
,,,-915.999976314E-9,1.1920000,
,,,-912.000018616E-9,1.1920000,
,,,-908.000004074E-9,1.2000000,
,,,-903.999989532E-9,1.1920000,
,,,-899.999974990E-9,1.2000000,
,,,-896.000017292E-9,1.2000000,
,,,-892.000002750E-9,1.1920000,
,,,-887.999988208E-9,1.1920000,
,,,-883.999973667E-9,1.1920000,
,,,-880.000015968E-9,1.1840000,
,,,-876.000001426E-9,1.1920000,
,,,-871.999986884E-9,1.1840000,
,,,-868.000029186E-9,1.1840000,
,,,-864.000014644E-9,1.1920000,
,,,-860.000000102E-9,1.1920000,
,,,-855.999985561E-9,1.1840000,
,,,-852.000027862E-9,1.1920000,
,,,-848.000013320E-9,1.1920000,
,,,-843.999998779E-9,1.1920000,
,,,-839.999984237E-9,1.1760000,
,,,-836.000026538E-9,1.1840000,
,,,-832.000011997E-9,1.2000000,
,,,-827.999997455E-9,1.2000000,
,,,-823.999982913E-9,1.2080001,
,,,-820.000025215E-9,1.1920000,
,,,-816.000010673E-9,1.2000000,
,,,-811.999996131E-9,1.2000000,
,,,-807.999981589E-9,1.2000000,
,,,-804.000023891E-9,1.1920000,
,,,-800.000009349E-9,1.1920000,
,,,-795.999994807E-9,1.2000000,
,,,-791.999980265E-9,1.2000000,
,,,-788.000022567E-9,1.2000000,
,,,-784.000008025E-9,1.2000000,
,,,-779.999993483E-9,1.2080001,
,,,-775.999978941E-9,1.1920000,
,,,-772.000021243E-9,1.2000000,
,,,-768.000006701E-9,1.2080001,
,,,-763.999992159E-9,1.1920000,
,,,-759.999977618E-9,1.1920000,
,,,-756.000019919E-9,1.2000000,
,,,-752.000005377E-9,1.2080001,
,,,-747.999990836E-9,1.1920000,
,,,-743.999976294E-9,1.1920000,
,,,-740.000018595E-9,1.1920000,
,,,-736.000004053E-9,1.1920000,
,,,-731.999989512E-9,1.1920000,
,,,-728.000031813E-9,1.1840000,
,,,-724.000017271E-9,1.1920000,
,,,-720.000002730E-9,1.2080001,
,,,-715.999988188E-9,1.1920000,
,,,-712.000030489E-9,1.1920000,
,,,-708.000015948E-9,1.1920000,
,,,-704.000001406E-9,1.1920000,
,,,-699.999986864E-9,1.1920000,
,,,-696.000029166E-9,1.2000000,
,,,-692.000014624E-9,1.2000000,
,,,-688.000000082E-9,1.2000000,
,,,-683.999985540E-9,1.2000000,
,,,-680.000027842E-9,1.2000000,
,,,-676.000013300E-9,1.2000000,
,,,-671.999998758E-9,1.1920000,
,,,-667.999984216E-9,1.1920000,
,,,-664.000026518E-9,1.1920000,
,,,-660.000011976E-9,1.1920000,
,,,-655.999997434E-9,1.1840000,
,,,-651.999982892E-9,1.2000000,
,,,-648.000025194E-9,1.2000000,
,,,-644.000010652E-9,1.2000000,
,,,-639.999996110E-9,1.2000000,
,,,-635.999981569E-9,1.2000000,
,,,-632.000023870E-9,1.2000000,
,,,-628.000009328E-9,1.1840000,
,,,-623.999994787E-9,1.1920000,
,,,-619.999980245E-9,1.2000000,
,,,-616.000022546E-9,1.1920000,
,,,-612.000008005E-9,1.1920000,
,,,-607.999993463E-9,1.1920000,
,,,-604.000035764E-9,1.2000000,
,,,-600.000021223E-9,1.1920000,
,,,-596.000006681E-9,1.1920000,
,,,-591.999992139E-9,1.2000000,
,,,-588.000034440E-9,1.2080001,
,,,-584.000019899E-9,1.1920000,
,,,-580.000005357E-9,1.1920000,
,,,-575.999990815E-9,1.1920000,
,,,-572.000033117E-9,1.2000000,
,,,-568.000018575E-9,1.1920000,
,,,-564.000004033E-9,1.2000000,
,,,-559.999989491E-9,1.2000000,
,,,-556.000031793E-9,1.1920000,
,,,-552.000017251E-9,1.2000000,
,,,-548.000002709E-9,1.1920000,
,,,-543.999988167E-9,1.1920000,
,,,-540.000030469E-9,1.1840000,
,,,-536.000015927E-9,1.1920000,
,,,-532.000001385E-9,1.1840000,
,,,-527.999986843E-9,1.2000000,
,,,-524.000029145E-9,1.1920000,
,,,-520.000014603E-9,1.1840000,
,,,-516.000000061E-9,1.1920000,
,,,-511.999985520E-9,1.1920000,
,,,-508.000027821E-9,1.1840000,
,,,-504.000013279E-9,1.1840000,
,,,-499.999998738E-9,1.1920000,
,,,-495.999984196E-9,1.1920000,
,,,-492.000026497E-9,1.1920000,
,,,-488.000011956E-9,1.1920000,
,,,-483.999997414E-9,1.1920000,
,,,-480.000039715E-9,1.2000000,
,,,-476.000025174E-9,1.2000000,
,,,-472.000010632E-9,1.2000000,
,,,-468.000024512E-9,1.1920000,
,,,-464.000009970E-9,1.2000000,
,,,-460.000023850E-9,1.1920000,
,,,-456.000009308E-9,1.2000000,
,,,-452.000023188E-9,1.1920000,
,,,-448.000008646E-9,1.1920000,
,,,-444.000022526E-9,1.1920000,
,,,-440.000007984E-9,1.1920000,
,,,-436.000021864E-9,1.1920000,
,,,-432.000007322E-9,1.2000000,
,,,-428.000021202E-9,1.2000000,
,,,-424.000006660E-9,1.1920000,
,,,-420.000020540E-9,1.2000000,
,,,-416.000005998E-9,1.1920000,
,,,-412.000019878E-9,1.1920000,
,,,-408.000005336E-9,1.1840000,
,,,-404.000019216E-9,1.1840000,
,,,-400.00000467E-9,1.1920000,
,,,-396.00001855E-9,1.1920000,
,,,-392.00000401E-9,1.1920000,
,,,-388.00001789E-9,1.1920000,
,,,-384.00000335E-9,1.1920000,
,,,-380.00001723E-9,1.1920000,
,,,-376.00000269E-9,1.1840000,
,,,-372.00001657E-9,1.2080001,
,,,-368.00000203E-9,1.2000000,
,,,-364.00001591E-9,1.2000000,
,,,-360.00000136E-9,1.2000000,
,,,-356.00001524E-9,1.2080001,
,,,-352.00002912E-9,1.1920000,
,,,-348.00001458E-9,1.1920000,
,,,-344.00002846E-9,1.2000000,
,,,-340.00001392E-9,1.2000000,
,,,-336.00002780E-9,1.1920000,
,,,-332.00001326E-9,1.2000000,
,,,-328.00002714E-9,1.2000000,
,,,-324.00001260E-9,1.2000000,
,,,-320.00002648E-9,1.1920000,
,,,-316.00001194E-9,1.1920000,
,,,-312.00002581E-9,1.1920000,
,,,-308.00001127E-9,1.1840000,
,,,-304.00002515E-9,1.1840000,
,,,-300.00001061E-9,1.1920000,
,,,-296.00002449E-9,1.2000000,
,,,-292.00000995E-9,1.1840000,
,,,-288.00002383E-9,1.1840000,
,,,-284.00000929E-9,1.2000000,
,,,-280.00002317E-9,1.1920000,
,,,-276.00000863E-9,1.1920000,
,,,-272.00002251E-9,1.1920000,
,,,-268.00000796E-9,1.1920000,
,,,-264.00002184E-9,1.1840000,
,,,-260.00000730E-9,1.1920000,
,,,-256.00002118E-9,1.2000000,
,,,-252.00000664E-9,1.2000000,
,,,-248.00002052E-9,1.2000000,
,,,-244.00000598E-9,1.1920000,
,,,-240.00001986E-9,1.2080001,
,,,-236.00001953E-9,1.2000000,
,,,-232.00001920E-9,1.1920000,
,,,-228.00001886E-9,1.2000000,
,,,-224.00001853E-9,1.2000000,
,,,-220.00001820E-9,1.2000000,
,,,-216.00001787E-9,1.2000000,
,,,-212.00001754E-9,1.2000000,
,,,-208.00001721E-9,1.2080001,
,,,-204.00001688E-9,1.1920000,
,,,-200.00001655E-9,1.2000000,
,,,-196.00001622E-9,1.1920000,
,,,-192.00001589E-9,1.2080001,
,,,-188.00001556E-9,1.1840000,
,,,-184.00001522E-9,1.1920000,
,,,-180.00001489E-9,1.1920000,
,,,-176.00001456E-9,1.1920000,
,,,-172.00001423E-9,1.1840000,
,,,-168.00001390E-9,1.2000000,
,,,-164.00002778E-9,1.1920000,
,,,-160.00002745E-9,1.1920000,
,,,-156.00002712E-9,1.2000000,
,,,-152.00002679E-9,1.1920000,
,,,-148.0000265E-9,1.1920000,
,,,-144.0000261E-9,1.1920000,
,,,-140.0000258E-9,1.1920000,
,,,-136.0000255E-9,1.1920000,
,,,-132.0000251E-9,1.2080001,
,,,-128.0000248E-9,1.2080001,
,,,-124.0000245E-9,1.1920000,
,,,-120.0000241E-9,1.2000000,
,,,-116.0000238E-9,1.2000000,
,,,-112.0000235E-9,1.2000000,
,,,-108.0000231E-9,1.2000000,
,,,-104.0000228E-9,1.2000000,
,,,-100.0000225E-9,1.2000000,
,,,-96.000022154E-9,1.1920000,
,,,-92.000021823E-9,1.2000000,
,,,-88.000021492E-9,1.1920000,
,,,-84.000021161E-9,1.2000000,
,,,-80.000020830E-9,1.2000000,
,,,-76.000020499E-9,1.2400000,
,,,-72.000020168E-9,1.2720001,
,,,-68.000026943E-9,1.2720001,
,,,-64.000026612E-9,1.2560000,
,,,-60.000026281E-9,1.2560000,
,,,-56.000025950E-9,1.2400000,
,,,-52.00002562E-9,1.2400000,
,,,-48.00002529E-9,1.2480000,
,,,-44.00002496E-9,1.2640001,
,,,-40.00002463E-9,1.2720001,
,,,-36.00002429E-9,1.2640001,
,,,-32.00002396E-9,1.2560000,
,,,-28.00002541E-9,1.2320001,
,,,-24.00002508E-9,1.2320001,
,,,-20.0000247E-9,1.2320001,
,,,-16.0000262E-9,1.2160001,
,,,-12.0000259E-9,1.1840000,
,,,-8.000025531E-9,1.0880001,
,,,-4.00002564E-9,920.000016689E-3,
,,,-25.75717384E-15,808.000028133E-3,
,,,3.99997413E-9,848.000049591E-3,
,,,7.999974017E-9,1.0080000,
,,,11.9999743E-9,1.1520001,
,,,15.9999729E-9,1.1920000,
,,,19.9999732E-9,1.1840000,
,,,23.99997356E-9,1.1440001,
,,,27.99997390E-9,1.0880001,
,,,31.99997423E-9,1.0720000,
,,,35.99997456E-9,1.0800000,
,,,39.99997489E-9,1.1280000,
,,,43.99997167E-9,1.1280000,
,,,47.99997200E-9,1.1440001,
,,,51.99997233E-9,1.1520001,
,,,55.999972659E-9,1.1440001,
,,,59.999969437E-9,1.1280000,
,,,63.999969768E-9,1.1760000,
,,,67.999970099E-9,1.2320001,
,,,71.999970430E-9,1.2880001,
,,,75.999970761E-9,1.3040000,
,,,79.999971092E-9,1.2960000,
,,,83.999971423E-9,1.2880001,
,,,87.999971754E-9,1.2800001,
,,,91.999972085E-9,1.3040000,
,,,95.999972416E-9,1.3440001,
,,,99.999972747E-9,1.3440001,
,,,103.9999731E-9,1.3280001,
,,,107.9999734E-9,1.2960000,
,,,111.9999737E-9,1.2640001,
,,,115.9999741E-9,1.2400000,
,,,119.9999673E-9,1.2400000,
,,,123.9999676E-9,1.2640001,
,,,127.9999680E-9,1.2720001,
,,,131.9999683E-9,1.2640001,
,,,135.9999686E-9,1.2240001,
,,,139.9999690E-9,1.2400000,
,,,143.9999693E-9,1.2400000,
,,,147.9999696E-9,1.2640001,
,,,151.99996994E-9,1.2800001,
,,,155.99997027E-9,1.3040000,
,,,159.99997061E-9,1.2960000,
,,,163.99997094E-9,1.2800001,
,,,167.99997127E-9,1.2480000,
,,,171.99997160E-9,1.2320001,
,,,175.99997193E-9,1.2320001,
,,,179.99997226E-9,1.2480000,
,,,183.99997259E-9,1.2560000,
,,,187.99997292E-9,1.2400000,
,,,191.99997325E-9,1.2080001,
,,,195.99997358E-9,1.2000000,
,,,199.99997392E-9,1.1920000,
,,,203.99997425E-9,1.2240001,
,,,207.99997458E-9,1.2320001,
,,,211.99997491E-9,1.2800001,
,,,215.99996103E-9,1.2960000,
,,,219.99996136E-9,1.2960000,
,,,223.99996169E-9,1.3040000,
,,,227.99996202E-9,1.3120000,
,,,231.99996235E-9,1.3520001,
,,,235.99996268E-9,1.3680000,
,,,239.99996301E-9,1.3680000,
,,,243.99997756E-9,1.3440001,
,,,247.99996368E-9,1.3360001,
,,,251.99997822E-9,1.3200001,
,,,255.99996434E-9,1.3120000,
,,,259.99997888E-9,1.3040000,
,,,263.99996500E-9,1.3200001,
,,,267.99997954E-9,1.3040000,
,,,271.99996566E-9,1.2960000,
,,,275.99998020E-9,1.2800001,
,,,279.99996632E-9,1.2800001,
,,,283.99995244E-9,1.2880001,
,,,287.99996699E-9,1.2960000,
,,,291.99995311E-9,1.2880001,
,,,295.99996765E-9,1.2880001,
,,,299.99995377E-9,1.2960000,
,,,303.99996831E-9,1.2960000,
,,,307.99995443E-9,1.2960000,
,,,311.99996897E-9,1.2960000,
,,,315.99995509E-9,1.2960000,
,,,319.99996963E-9,1.2880001,
,,,323.99995575E-9,1.2800001,
,,,327.99997030E-9,1.2800001,
,,,331.99995642E-9,1.2480000,
,,,335.99997096E-9,1.2480000,
,,,339.99995708E-9,1.2320001,
,,,343.99997162E-9,1.2400000,
,,,347.99995774E-9,1.2320001,
,,,351.99997228E-9,1.2320001,
,,,355.99995840E-9,1.2480000,
,,,359.99997294E-9,1.2480000,
,,,363.99995906E-9,1.2560000,
,,,367.99997361E-9,1.2560000,
,,,371.99995973E-9,1.2560000,
,,,375.99997427E-9,1.2640001,
,,,379.99996039E-9,1.2640001,
,,,383.99997493E-9,1.2560000,
,,,387.99996105E-9,1.2560000,
,,,391.99997559E-9,1.2480000,
,,,395.99996171E-9,1.2400000,
,,,399.99997625E-9,1.2240001,
,,,403.999962373E-9,1.2240001,
,,,407.999948493E-9,1.2160001,
,,,411.999963035E-9,1.2160001,
,,,415.999949155E-9,1.2000000,
,,,419.999963697E-9,1.2000000,
,,,423.999949817E-9,1.1920000,
,,,427.999964359E-9,1.1920000,
,,,431.999950479E-9,1.1920000,
,,,435.999965021E-9,1.2000000,
,,,439.999951141E-9,1.1920000,
,,,443.999965682E-9,1.1920000,
,,,447.999951803E-9,1.2000000,
,,,451.999966344E-9,1.2080001,
,,,455.999952464E-9,1.2000000,
,,,459.999967006E-9,1.1920000,
,,,463.999953126E-9,1.1840000,
,,,467.999967668E-9,1.1920000,
,,,471.999953788E-9,1.1680001,
,,,475.999968330E-9,1.1760000,
,,,479.999982872E-9,1.1680001,
,,,483.999940570E-9,1.1680001,
,,,487.999955112E-9,1.1680001,
,,,491.999969654E-9,1.1840000,
,,,495.999984196E-9,1.1920000,
,,,499.999941894E-9,1.2000000,
,,,503.999956436E-9,1.2320001,
,,,507.999970978E-9,1.2560000,
,,,511.999985520E-9,1.2640001,
,,,515.999943218E-9,1.2720001,
,,,519.999957760E-9,1.2800001,
,,,523.999972302E-9,1.2960000,
,,,527.999986843E-9,1.2880001,
,,,531.999944542E-9,1.3040000,
,,,535.999959084E-9,1.3040000,
,,,539.999973626E-9,1.2880001,
,,,543.999931324E-9,1.2960000,
,,,547.999945866E-9,1.2720001,
,,,551.999960408E-9,1.2720001,
,,,555.999974949E-9,1.2640001,
,,,559.999932648E-9,1.2560000,
,,,563.999947190E-9,1.2400000,
,,,567.999961731E-9,1.2560000,
,,,571.999976273E-9,1.2480000,
,,,575.999933972E-9,1.2400000,
,,,579.999948513E-9,1.2480000,
,,,583.999963055E-9,1.2560000,
,,,587.999977597E-9,1.2400000,
,,,591.999935295E-9,1.2480000,
,,,595.999949837E-9,1.2400000,
,,,599.999964379E-9,1.2560000,
,,,603.999978921E-9,1.2320001,
,,,607.999936619E-9,1.2320001,
,,,611.999951161E-9,1.2240001,
,,,615.999965703E-9,1.2240001,
,,,619.999980245E-9,1.2080001,
,,,623.999937943E-9,1.2080001,
,,,627.999952485E-9,1.2080001,
,,,631.999967027E-9,1.2000000,
,,,635.999981569E-9,1.2000000,
,,,639.999939267E-9,1.1920000,
,,,643.999953809E-9,1.2000000,
,,,647.999968351E-9,1.1920000,
,,,651.999982892E-9,1.2080001,
,,,655.999940591E-9,1.2240001,
,,,659.999955133E-9,1.2240001,
,,,663.999969674E-9,1.2320001,
,,,667.999927373E-9,1.2400000,
,,,671.999941915E-9,1.2400000,
,,,675.999956457E-9,1.2400000,
,,,679.999970998E-9,1.2320001,
,,,683.999928697E-9,1.2320001,
,,,687.999943239E-9,1.2160001,
,,,691.999957780E-9,1.2160001,
,,,695.999972322E-9,1.2080001,
,,,699.999930021E-9,1.2080001,
,,,703.999944562E-9,1.2000000,
,,,707.999959104E-9,1.2080001,
,,,711.999973646E-9,1.1840000,
,,,715.999931344E-9,1.1920000,
,,,719.999945886E-9,1.1840000,
,,,723.999960428E-9,1.1840000,
,,,727.999974970E-9,1.1760000,
,,,731.999932668E-9,1.1840000,
,,,735.999947210E-9,1.1920000,
,,,739.999961752E-9,1.1840000,
,,,743.999976294E-9,1.1840000,
,,,747.999933992E-9,1.1840000,
,,,751.999948534E-9,1.1760000,
,,,755.999963076E-9,1.1920000,
,,,759.999977618E-9,1.1840000,
,,,763.999935316E-9,1.1840000,
,,,767.999949858E-9,1.1840000,
,,,771.999964400E-9,1.1920000,
,,,775.999978941E-9,1.2000000,
,,,779.999936640E-9,1.2080001,
,,,783.999951182E-9,1.2160001,
,,,787.999965723E-9,1.2160001,
,,,791.999923422E-9,1.2320001,
,,,795.999937964E-9,1.2400000,
,,,799.999952505E-9,1.2480000,
,,,803.999967047E-9,1.2400000,
,,,807.999924746E-9,1.2480000,
,,,811.999939287E-9,1.2480000,
,,,815.999953829E-9,1.2640001,
,,,819.999968371E-9,1.2480000,
,,,823.999926070E-9,1.2480000,
,,,827.999940611E-9,1.2400000,
,,,831.999955153E-9,1.2400000,
,,,835.999969695E-9,1.2400000,
,,,839.999927393E-9,1.2320001,
,,,843.999941935E-9,1.2240001,
,,,847.999956477E-9,1.2240001,
,,,851.999971019E-9,1.2160001,
,,,855.999928717E-9,1.2160001,
,,,859.999943259E-9,1.2000000,
,,,863.999957801E-9,1.2080001,
,,,867.999972343E-9,1.1920000,
,,,871.999930041E-9,1.1920000,
,,,875.999944583E-9,1.1920000,
,,,879.999959125E-9,1.1840000,
,,,883.999973667E-9,1.2000000,
,,,887.999931365E-9,1.2000000,
,,,891.999945907E-9,1.1920000,
,,,895.999960449E-9,1.1920000,
,,,899.999974990E-9,1.1920000,
,,,903.999932689E-9,1.1920000,
,,,907.999947231E-9,1.1840000,
,,,911.999961772E-9,1.1840000,
,,,915.999976314E-9,1.1840000,
,,,919.999934013E-9,1.1840000,
,,,923.999948554E-9,1.1840000,
,,,927.999963096E-9,1.1840000,
,,,931.999920795E-9,1.2000000,
,,,935.999935336E-9,1.2000000,
,,,939.999949878E-9,1.2000000,
,,,943.999964420E-9,1.2000000,
,,,947.999922118E-9,1.2160001,
,,,951.999936660E-9,1.2160001,
,,,955.999894359E-9,1.2160001,
,,,959.999965744E-9,1.2080001,
,,,963.999923442E-9,1.2160001,
,,,967.999994828E-9,1.2080001,
,,,971.999952526E-9,1.2000000,
,,,975.999910224E-9,1.2000000,
,,,979.999981610E-9,1.2080001,
,,,983.999939308E-9,1.1920000,
,,,987.999897006E-9,1.1920000,
,,,991.999968392E-9,1.1920000,
,,,995.999926090E-9,1.1920000,
,,,1.000000E-6,1.1760000,
,,,1.0040000E-6,1.1760000,
,,,1.0079999E-6,1.1760000,
,,,1.0120000E-6,1.1760000,
,,,1.0159999E-6,1.1760000,
,,,1.0199999E-6,1.1760000,
,,,1.0240000E-6,1.1760000,
,,,1.0279999E-6,1.1840000,
,,,1.0320000E-6,1.1920000,
,,,1.0360000E-6,1.1920000,
,,,1.0399999E-6,1.2000000,
,,,1.0440000E-6,1.2000000,
,,,1.0479999E-6,1.2080001,
,,,1.0519999E-6,1.2080001,
,,,1.0560000E-6,1.2160001,
,,,1.0599999E-6,1.2240001,
,,,1.0639999E-6,1.2160001,
,,,1.0680000E-6,1.2160001,
,,,1.0719999E-6,1.2240001,
,,,1.0760000E-6,1.2080001,
,,,1.0799999E-6,1.2160001,
,,,1.0839999E-6,1.2080001,
,,,1.0880000E-6,1.2080001,
,,,1.0919999E-6,1.2000000,
,,,1.0959999E-6,1.2080001,
,,,1.1000000E-6,1.2000000,
,,,1.1039999E-6,1.2000000,
,,,1.1080000E-6,1.2000000,
,,,1.1119999E-6,1.1920000,
,,,1.1159999E-6,1.1840000,
,,,1.1200000E-6,1.2000000,
,,,1.1239999E-6,1.1760000,
,,,1.1279999E-6,1.1840000,
,,,1.1320000E-6,1.1760000,
,,,1.1359999E-6,1.1840000,
,,,1.1400000E-6,1.1840000,
,,,1.1440000E-6,1.1680001,
,,,1.1479999E-6,1.1760000,
,,,1.1520000E-6,1.1760000,
,,,1.1559999E-6,1.1760000,
,,,1.1599999E-6,1.1680001,
,,,1.1640000E-6,1.1840000,
,,,1.1679999E-6,1.1840000,
,,,1.1720000E-6,1.2000000,
,,,1.1760000E-6,1.2000000,
,,,1.1799999E-6,1.2160001,
,,,1.1840000E-6,1.2160001,
,,,1.1879999E-6,1.2240001,
,,,1.1919999E-6,1.2240001,
,,,1.1960000E-6,1.2240001,
,,,1.1999999E-6,1.2240001,
,,,1.2039999E-6,1.2240001,
,,,1.2080000E-6,1.2160001,
,,,1.2119999E-6,1.2240001,
,,,1.2160000E-6,1.2000000,
,,,1.2199999E-6,1.2000000,
,,,1.2239999E-6,1.2080001,
,,,1.2280000E-6,1.2080001,
,,,1.2319999E-6,1.1920000,
,,,1.2359999E-6,1.1920000,
,,,1.2400000E-6,1.2000000,
,,,1.2439999E-6,1.2000000,
,,,1.2480000E-6,1.1840000,
,,,1.2519999E-6,1.1840000,
,,,1.2559999E-6,1.1760000,
,,,1.2600000E-6,1.1840000,
,,,1.2639999E-6,1.1760000,
,,,1.2679999E-6,1.1680001,
,,,1.2720000E-6,1.1760000,
,,,1.2759999E-6,1.1680001,
,,,1.2800000E-6,1.1680001,
,,,1.2839999E-6,1.1680001,
,,,1.2879999E-6,1.1680001,
,,,1.2920000E-6,1.1840000,
,,,1.2959999E-6,1.1920000,
,,,1.2999999E-6,1.1920000,
,,,1.3040000E-6,1.2080001,
,,,1.3079999E-6,1.2080001,
,,,1.3119999E-6,1.2160001,
,,,1.3160000E-6,1.2320001,
,,,1.3199999E-6,1.2320001,
,,,1.3240000E-6,1.2240001,
,,,1.3279999E-6,1.2400000,
,,,1.3319999E-6,1.2320001,
,,,1.3360000E-6,1.2240001,
,,,1.3399999E-6,1.2320001,
,,,1.3439999E-6,1.2240001,
,,,1.3480000E-6,1.2160001,
,,,1.3519999E-6,1.2160001,
,,,1.3560000E-6,1.2000000,
,,,1.3599999E-6,1.2160001,
,,,1.3639999E-6,1.2000000,
,,,1.3680000E-6,1.2080001,
,,,1.3719999E-6,1.2080001,
,,,1.3759999E-6,1.2080001,
,,,1.3800000E-6,1.1920000,
,,,1.3839999E-6,1.1920000,
,,,1.3880000E-6,1.1840000,
,,,1.3919999E-6,1.2000000,
,,,1.3959999E-6,1.1760000,
,,,1.4000000E-6,1.1840000,
,,,1.4039999E-6,1.1760000,
,,,1.4079999E-6,1.1840000,
,,,1.4120000E-6,1.1760000,
,,,1.4159999E-6,1.1760000,
,,,1.4200000E-6,1.1760000,
,,,1.4239999E-6,1.1840000,
,,,1.4279999E-6,1.1840000,
,,,1.4320000E-6,1.1840000,
,,,1.4359999E-6,1.1920000,
,,,1.4399999E-6,1.1840000,
,,,1.4440000E-6,1.2000000,
,,,1.4479999E-6,1.2080001,
,,,1.4519999E-6,1.2080001,
,,,1.4559999E-6,1.2160001,
,,,1.4599999E-6,1.2080001,
,,,1.4640000E-6,1.2080001,
,,,1.4679999E-6,1.2160001,
,,,1.4719999E-6,1.2000000,
,,,1.4760000E-6,1.2000000,
,,,1.4799999E-6,1.2000000,
,,,1.4839999E-6,1.1920000,
,,,1.4880000E-6,1.1840000,
,,,1.4919999E-6,1.1920000,
,,,1.4960000E-6,1.1840000,
,,,1.4999999E-6,1.1840000,
,,,1.5039999E-6,1.1760000,
,,,1.5080000E-6,1.1840000,
,,,1.5119999E-6,1.1760000,
,,,1.5159999E-6,1.1760000,
,,,1.5200000E-6,1.1600001,
,,,1.5239999E-6,1.1760000,
,,,1.5280000E-6,1.1680001,
,,,1.5319999E-6,1.1680001,
,,,1.5359999E-6,1.1600001,
,,,1.5400000E-6,1.1600001,
,,,1.5439999E-6,1.1840000,
,,,1.5479999E-6,1.1840000,
,,,1.5520000E-6,1.1920000,
,,,1.5559999E-6,1.2000000,
,,,1.5599999E-6,1.2080001,
,,,1.5639999E-6,1.2000000,
,,,1.5679999E-6,1.2160001,
,,,1.5720000E-6,1.2240001,
,,,1.5759999E-6,1.2320001,
,,,1.5799999E-6,1.2240001,
,,,1.5840000E-6,1.2240001,
,,,1.5879999E-6,1.2320001,
,,,1.5919999E-6,1.2240001,
,,,1.5959999E-6,1.2320001,
,,,1.5999999E-6,1.2080001,
,,,1.6040000E-6,1.2080001,
,,,1.6079999E-6,1.2160001,
,,,1.6119999E-6,1.2000000,
,,,1.6160000E-6,1.1920000,
,,,1.6199999E-6,1.1920000,
,,,1.6239999E-6,1.2000000,
,,,1.6279999E-6,1.1840000,
,,,1.6319999E-6,1.1840000,
,,,1.6360000E-6,1.1840000,
,,,1.6399999E-6,1.1840000,
,,,1.6439999E-6,1.1760000,
,,,1.6480000E-6,1.1760000,
,,,1.6519999E-6,1.1680001,
,,,1.6559999E-6,1.1840000,
,,,1.6600000E-6,1.1760000,
,,,1.6639999E-6,1.1680001,
,,,1.6680000E-6,1.1680001,
,,,1.6719999E-6,1.1760000,
,,,1.6759999E-6,1.1760000,
,,,1.6800000E-6,1.1920000,
,,,1.6839999E-6,1.1920000,
,,,1.6879999E-6,1.2000000,
,,,1.6920000E-6,1.2000000,
,,,1.6959999E-6,1.2160001,
,,,1.6999999E-6,1.2160001,
,,,1.7039999E-6,1.2080001,
,,,1.7079999E-6,1.2240001,
,,,1.7120000E-6,1.2240001,
,,,1.7159999E-6,1.2160001,
,,,1.7199999E-6,1.2080001,
,,,1.7240000E-6,1.2160001,
,,,1.7279999E-6,1.2160001,
,,,1.7319999E-6,1.2080001,
,,,1.7359999E-6,1.1920000,
,,,1.7399999E-6,1.2000000,
,,,1.7440000E-6,1.2000000,
,,,1.7479999E-6,1.1920000,
,,,1.7519999E-6,1.1920000,
,,,1.7560000E-6,1.2000000,
,,,1.7599999E-6,1.1840000,
,,,1.7639999E-6,1.1840000,
,,,1.7679999E-6,1.1840000,
,,,1.7719999E-6,1.1920000,
,,,1.7760000E-6,1.1680001,
,,,1.7799999E-6,1.1840000,
,,,1.7839999E-6,1.1680001,
,,,1.7880000E-6,1.1760000,
,,,1.7919999E-6,1.1600001,
,,,1.7959999E-6,1.1760000,
,,,1.7999999E-6,1.1840000,
,,,1.8039999E-6,1.1920000,
,,,1.8080000E-6,1.1840000,
,,,1.8119999E-6,1.2080001,
,,,1.8159999E-6,1.2080001,
,,,1.8200000E-6,1.2160001,
,,,1.8239999E-6,1.2240001,
,,,1.8279999E-6,1.2160001,
,,,1.8320000E-6,1.2240001,
,,,1.8359999E-6,1.2160001,
,,,1.8399999E-6,1.2160001,
,,,1.8439999E-6,1.2240001,
,,,1.8479999E-6,1.2240001,
,,,1.8520000E-6,1.2160001,
,,,1.8559999E-6,1.2160001,
,,,1.8599999E-6,1.2080001,
,,,1.8640000E-6,1.2160001,
,,,1.8679999E-6,1.2080001,
,,,1.8719999E-6,1.2000000,
,,,1.8759999E-6,1.2080001,
,,,1.8799999E-6,1.1920000,
,,,1.8840000E-6,1.1920000,
,,,1.8879999E-6,1.1840000,
,,,1.8919999E-6,1.1840000,
,,,1.8960000E-6,1.2000000,
,,,1.8999999E-6,1.1840000,
,,,1.9039999E-6,1.1840000,
,,,1.9079998E-6,1.1760000,
,,,1.9120000E-6,1.1840000,
,,,1.9160000E-6,1.1760000,
,,,1.9199999E-6,1.1760000,
,,,1.9239999E-6,1.1680001,
,,,1.9279998E-6,1.1760000,
,,,1.9320000E-6,1.1840000,
,,,1.9360000E-6,1.1840000,
,,,1.9399999E-6,1.1920000,
,,,1.9439999E-6,1.2000000,
,,,1.9479999E-6,1.2080001,
,,,1.9519998E-6,1.2080001,
,,,1.9560000E-6,1.2160001,
,,,1.9600000E-6,1.2080001,
,,,1.9639999E-6,1.2240001,
,,,1.9679999E-6,1.2160001,
,,,1.9719998E-6,1.2240001,
,,,1.9760000E-6,1.2160001,
,,,1.9800000E-6,1.2160001,
,,,1.9839999E-6,1.2080001,
,,,1.9879999E-6,1.2080001,
,,,1.9919999E-6,1.2000000,
,,,1.9959998E-6,1.2000000,
,,,2.0000000E-6,1.1920000,
,,,2.0040000E-6,1.2000000,
,,,2.0079999E-6,1.1920000,
,,,2.0119999E-6,1.1840000,
,,,2.0159998E-6,1.1920000,
,,,2.0200000E-6,1.1920000,
,,,2.0240000E-6,1.1760000,
,,,2.0279999E-6,1.1840000,
,,,2.0319999E-6,1.1680001,
,,,2.0359998E-6,1.1840000,
,,,2.0400000E-6,1.1760000,
,,,2.0440000E-6,1.1760000,
,,,2.0479999E-6,1.1760000,
,,,2.0519999E-6,1.1760000,
,,,2.0559999E-6,1.1760000,
,,,2.0599998E-6,1.1840000,
,,,2.0640000E-6,1.2000000,
,,,2.0680000E-6,1.2000000,
,,,2.0719999E-6,1.2080001,
,,,2.0759999E-6,1.2160001,
,,,2.0799998E-6,1.2160001,
,,,2.0840000E-6,1.2240001,
,,,2.0880000E-6,1.2320001,
,,,2.0919999E-6,1.2320001,
,,,2.0959999E-6,1.2240001,
,,,2.0999998E-6,1.2080001,
,,,2.1039998E-6,1.2080001,
,,,2.1080000E-6,1.2160001,
,,,2.1119999E-6,1.2080001,
,,,2.1159999E-6,1.2000000,
,,,2.1199999E-6,1.2160001,
,,,2.1239998E-6,1.2080001,
,,,2.1280000E-6,1.2000000,
,,,2.1320000E-6,1.1840000,
,,,2.1359999E-6,1.1920000,
,,,2.1399999E-6,1.1920000,
,,,2.1439998E-6,1.1920000,
,,,2.1480000E-6,1.1760000,
,,,2.1520000E-6,1.1920000,
,,,2.1559999E-6,1.1760000,
,,,2.1599999E-6,1.1760000,
,,,2.1639999E-6,1.1760000,
,,,2.1679998E-6,1.1840000,
,,,2.1720000E-6,1.1680001,
,,,2.1760000E-6,1.1760000,
,,,2.1799999E-6,1.1680001,
,,,2.1839999E-6,1.2000000,
,,,2.1879998E-6,1.1840000,
,,,2.1920000E-6,1.1920000,
,,,2.1960000E-6,1.2000000,
,,,2.1999999E-6,1.2080001,
,,,2.2039999E-6,1.2080001,
,,,2.2079998E-6,1.2240001,
,,,2.2119998E-6,1.2240001,
,,,2.2160000E-6,1.2240001,
,,,2.2199999E-6,1.2320001,
,,,2.2239999E-6,1.2240001,
,,,2.2279999E-6,1.2240001,
,,,2.2319998E-6,1.2000000,
,,,2.2360000E-6,1.2160001,
,,,2.2400000E-6,1.2080001,
,,,2.2439999E-6,1.2080001,
,,,2.2479999E-6,1.2000000,
,,,2.2519998E-6,1.2000000,
,,,2.2560000E-6,1.2000000,
,,,2.2600000E-6,1.2000000,
,,,2.2639999E-6,1.1840000,
,,,2.2679999E-6,1.1920000,
,,,2.2719998E-6,1.1840000,
,,,2.2759998E-6,1.1840000,
,,,2.2800000E-6,1.1760000,
,,,2.2839999E-6,1.1680001,
,,,2.2879999E-6,1.1760000,
,,,2.2919999E-6,1.1840000,
,,,2.2959998E-6,1.1760000,
,,,2.3000000E-6,1.1840000,
,,,2.3040000E-6,1.1840000,
,,,2.3079999E-6,1.1840000,
,,,2.3119999E-6,1.1680001,
,,,2.3159998E-6,1.1920000,
,,,2.3200000E-6,1.1920000,
,,,2.3240000E-6,1.2080001,
,,,2.3279999E-6,1.2080001,
,,,2.3319999E-6,1.2080001,
,,,2.3359999E-6,1.2080001,
,,,2.3399998E-6,1.2240001,
,,,2.3440000E-6,1.2240001,
,,,2.3480000E-6,1.2160001,
,,,2.3519999E-6,1.2240001,
,,,2.3559999E-6,1.2160001,
,,,2.3599998E-6,1.2160001,
,,,2.3640000E-6,1.2080001,
,,,2.3680000E-6,1.2080001,
,,,2.3719999E-6,1.2000000,
,,,2.3759999E-6,1.2000000,
,,,2.3799998E-6,1.2000000,
,,,2.3839998E-6,1.1920000,
,,,2.3880000E-6,1.1920000,
,,,2.3919999E-6,1.1920000,
,,,2.3959999E-6,1.1840000,
,,,2.3999999E-6,1.1920000,
,,,2.4039998E-6,1.1760000,
,,,2.4080000E-6,1.1920000,
,,,2.4120000E-6,1.1760000,
,,,2.4159999E-6,1.1920000,
,,,2.4199999E-6,1.1760000,
,,,2.4239998E-6,1.1760000,
,,,2.4280000E-6,1.1680001,
,,,2.4320000E-6,1.1840000,
,,,2.4359999E-6,1.1840000,
,,,2.4399999E-6,1.1840000,
,,,2.4439998E-6,1.1840000,
,,,2.4479998E-6,1.2080001,
,,,2.4520000E-6,1.2000000,
,,,2.4559999E-6,1.2080001,
,,,2.4599999E-6,1.2160001,
,,,2.4639999E-6,1.2160001,
,,,2.4679998E-6,1.2080001,
,,,2.4720000E-6,1.2240001,
,,,2.4760000E-6,1.2080001,
,,,2.4799999E-6,1.2080001,
,,,2.4839999E-6,1.2160001,
,,,2.4879998E-6,1.2160001,
,,,2.4919998E-6,1.2080001,
,,,2.4960000E-6,1.2080001,
,,,2.4999999E-6,1.2000000,
,,,2.5039999E-6,1.2080001,
,,,2.5079999E-6,1.1920000,
,,,2.5119998E-6,1.1840000,
,,,2.5160000E-6,1.1920000,
,,,2.5200000E-6,1.1840000,
,,,2.5239999E-6,1.1920000,
,,,2.5279999E-6,1.1760000,
,,,2.5319998E-6,1.1840000,
,,,2.5360000E-6,1.1760000,
,,,2.5400000E-6,1.1760000,
,,,2.5439999E-6,1.1680001,
,,,2.5479999E-6,1.1760000,
,,,2.5519998E-6,1.1680001,
,,,2.5559998E-6,1.1680001,
,,,2.5600000E-6,1.1840000,
,,,2.5639999E-6,1.1840000,
,,,2.5679999E-6,1.1840000,
,,,2.5719999E-6,1.1920000,
,,,2.5759998E-6,1.2000000,
,,,2.5800000E-6,1.2160001,
,,,2.5840000E-6,1.2080001,
,,,2.5879999E-6,1.2240001,
,,,2.5919999E-6,1.2240001,
,,,2.5959998E-6,1.2240001,
,,,2.5999998E-6,1.2160001,
,,,2.6040000E-6,1.2240001,
,,,2.6079999E-6,1.2240001,
,,,2.6119999E-6,1.2160001,
,,,2.6159998E-6,1.2160001,
,,,2.6199998E-6,1.2160001,
,,,2.6240000E-6,1.2080001,
,,,2.6279999E-6,1.1920000,
,,,2.6319999E-6,1.2080001,
,,,2.6359999E-6,1.1920000,
,,,2.6399998E-6,1.2000000,
,,,2.6440000E-6,1.1920000,
,,,2.6480000E-6,1.1920000,
,,,2.6519999E-6,1.1920000,
,,,2.6559999E-6,1.1840000,
,,,2.6599998E-6,1.1840000,
,,,2.6639998E-6,1.1760000,
,,,2.6680000E-6,1.1760000,
,,,2.6719999E-6,1.1840000,
,,,2.6759999E-6,1.1680001,
,,,2.6799999E-6,1.1680001,
,,,2.6839998E-6,1.1680001,
,,,2.6880000E-6,1.1760000,
,,,2.6920000E-6,1.1760000,
,,,2.6959999E-6,1.1840000,
,,,2.6999999E-6,1.1840000,
,,,2.7039998E-6,1.2080001,
,,,2.7080000E-6,1.1920000,
,,,2.7120000E-6,1.2080001,
,,,2.7159999E-6,1.2160001,
,,,2.71999988E-6,1.2240001,
,,,2.72399984E-6,1.2160001,
,,,2.72799980E-6,1.2160001,
,,,2.73199998E-6,1.2160001,
,,,2.73599994E-6,1.2160001,
,,,2.73999990E-6,1.2160001,
,,,2.74399986E-6,1.2080001,
,,,2.74799982E-6,1.2080001,
,,,2.75200000E-6,1.1920000,
,,,2.75599996E-6,1.2000000,
,,,2.75999992E-6,1.1920000,
,,,2.76399987E-6,1.2000000,
,,,2.76799983E-6,1.1840000,
,,,2.77199979E-6,1.1920000,
,,,2.77599997E-6,1.1920000,
,,,2.77999993E-6,1.1840000,
,,,2.78399989E-6,1.1840000,
,,,2.78799985E-6,1.1840000,
,,,2.79199980E-6,1.1680001,
,,,2.79599999E-6,1.1840000,
,,,2.79999995E-6,1.1760000,
,,,2.80399991E-6,1.1760000,
,,,2.80799986E-6,1.1840000,
,,,2.81199982E-6,1.1840000,
,,,2.81600001E-6,1.1680001,
,,,2.81999996E-6,1.1840000,
,,,2.82399992E-6,1.1920000,
,,,2.82799988E-6,1.2000000,
,,,2.83199984E-6,1.2000000,
,,,2.83599979E-6,1.2080001,
,,,2.83999998E-6,1.2160001,
,,,2.84399994E-6,1.2160001,
,,,2.84799989E-6,1.2160001,
,,,2.85199985E-6,1.2240001,
,,,2.85599981E-6,1.2240001,
,,,2.86000000E-6,1.2240001,
,,,2.86399995E-6,1.2160001,
,,,2.86799991E-6,1.2240001,
,,,2.87199987E-6,1.2080001,
,,,2.87599983E-6,1.2080001,
,,,2.87999978E-6,1.2080001,
,,,2.88399997E-6,1.2000000,
,,,2.88799993E-6,1.1920000,
,,,2.89199988E-6,1.1920000,
,,,2.89599984E-6,1.1920000,
,,,2.89999980E-6,1.2000000,
,,,2.90399998E-6,1.1840000,
,,,2.90799994E-6,1.1760000,
,,,2.91199990E-6,1.1840000,
,,,2.91599986E-6,1.1840000,
,,,2.91999982E-6,1.1840000,
,,,2.92400000E-6,1.1760000,
,,,2.92799996E-6,1.1760000,
,,,2.93199992E-6,1.1840000,
,,,2.93599987E-6,1.1760000,
,,,2.93999983E-6,1.1680001,
,,,2.94399979E-6,1.1840000,
,,,2.94799997E-6,1.1840000,
,,,2.95199993E-6,1.1920000,
,,,2.95599989E-6,1.1920000,
,,,2.95999985E-6,1.2080001,
,,,2.96399980E-6,1.2000000,
,,,2.96799999E-6,1.2160001,
,,,2.97199995E-6,1.2160001,
,,,2.97599991E-6,1.2320001,
,,,2.97999986E-6,1.2160001,
,,,2.98399982E-6,1.2240001,
,,,2.98799978E-6,1.2160001,
,,,2.99199996E-6,1.2160001,
,,,2.99599992E-6,1.2080001,
,,,2.99999988E-6,1.2160001,
,,,3.00399984E-6,1.2080001,
,,,3.00799979E-6,1.2080001,
,,,3.01199998E-6,1.2000000,
,,,3.01599994E-6,1.1920000,
,,,3.01999989E-6,1.1920000,
,,,3.02399985E-6,1.1840000,
,,,3.02799981E-6,1.1840000,
,,,3.03200000E-6,1.1760000,
,,,3.03599995E-6,1.1840000,
,,,3.03999991E-6,1.1840000,
,,,3.04399987E-6,1.1760000,
,,,3.04799983E-6,1.1760000,
,,,3.05199978E-6,1.1840000,
,,,3.05599997E-6,1.1680001,
,,,3.05999993E-6,1.1760000,
,,,3.06399988E-6,1.1680001,
,,,3.06799984E-6,1.1760000,
,,,3.07199980E-6,1.1760000,
,,,3.07599998E-6,1.1840000,
,,,3.07999994E-6,1.1840000,
,,,3.08399990E-6,1.2080001,
,,,3.08799986E-6,1.2000000,
,,,3.09199982E-6,1.2080001,
,,,3.09600000E-6,1.2080001,
,,,3.09999996E-6,1.2320001,
,,,3.10399992E-6,1.2080001,
,,,3.10799987E-6,1.2240001,
,,,3.11199983E-6,1.2160001,
,,,3.11599979E-6,1.2240001,
,,,3.11999997E-6,1.2240001,
,,,3.12399993E-6,1.2160001,
,,,3.12799989E-6,1.2160001,
,,,3.13199985E-6,1.2080001,
,,,3.13599980E-6,1.2080001,
,,,3.13999999E-6,1.2080001,
,,,3.14399995E-6,1.2000000,
,,,3.14799991E-6,1.2000000,
,,,3.15199986E-6,1.1920000,
,,,3.15599982E-6,1.1840000,
,,,3.15999978E-6,1.1840000,
,,,3.16399996E-6,1.1840000,
,,,3.16799992E-6,1.1840000,
,,,3.17199988E-6,1.1840000,
,,,3.17599984E-6,1.1840000,
,,,3.17999979E-6,1.1760000,
,,,3.18399998E-6,1.1760000,
,,,3.18799994E-6,1.1760000,
,,,3.19199989E-6,1.1840000,
,,,3.19599985E-6,1.1600001,
,,,3.19999981E-6,1.1840000,
,,,3.20400000E-6,1.1760000,
,,,3.20799995E-6,1.2000000,
,,,3.21199991E-6,1.1920000,
,,,3.21599987E-6,1.2080001,
,,,3.21999983E-6,1.2160001,
,,,3.22399978E-6,1.2240001,
,,,3.22799997E-6,1.2160001,
,,,3.23199993E-6,1.2240001,
,,,3.23599988E-6,1.2240001,
,,,3.23999984E-6,1.2240001,
,,,3.24399980E-6,1.2080001,
,,,3.24799998E-6,1.2160001,
,,,3.25199994E-6,1.2080001,
,,,3.25599990E-6,1.2080001,
,,,3.25999986E-6,1.2000000,
,,,3.26399982E-6,1.2080001,
,,,3.26799977E-6,1.1920000,
,,,3.27199996E-6,1.1920000,
,,,3.27599992E-6,1.1920000,
,,,3.27999987E-6,1.1920000,
,,,3.28399983E-6,1.1920000,
,,,3.28799979E-6,1.1840000,
,,,3.29199997E-6,1.1760000,
,,,3.29599993E-6,1.1840000,
,,,3.29999989E-6,1.1760000,
,,,3.30399985E-6,1.1680001,
,,,3.30799980E-6,1.1840000,
,,,3.31199999E-6,1.1760000,
,,,3.31599995E-6,1.1760000,
,,,3.31999991E-6,1.1600001,
,,,3.32399986E-6,1.1760000,
,,,3.32799982E-6,1.1760000,
,,,3.33199978E-6,1.1920000,
,,,3.33599996E-6,1.1920000,
,,,3.33999992E-6,1.2160001,
,,,3.34399988E-6,1.2080001,
,,,3.34799984E-6,1.2080001,
,,,3.35199979E-6,1.2240001,
,,,3.35599998E-6,1.2320001,
,,,3.35999994E-6,1.2240001,
,,,3.36399989E-6,1.2320001,
,,,3.36799985E-6,1.2240001,
,,,3.37199981E-6,1.2320001,
,,,3.37599977E-6,1.2160001,
,,,3.37999995E-6,1.2080001,
,,,3.38399991E-6,1.2160001,
,,,3.38799987E-6,1.2160001,
,,,3.39199983E-6,1.2000000,
,,,3.39599978E-6,1.2080001,
,,,3.39999997E-6,1.2080001,
,,,3.40399993E-6,1.2000000,
,,,3.40799988E-6,1.2000000,
,,,3.41199984E-6,1.1840000,
,,,3.41599980E-6,1.1840000,
,,,3.41999998E-6,1.1840000,
,,,3.42399994E-6,1.1840000,
,,,3.42799990E-6,1.1840000,
,,,3.43199986E-6,1.1760000,
,,,3.43599982E-6,1.1840000,
,,,3.43999977E-6,1.1760000,
,,,3.44399996E-6,1.1840000,
,,,3.44799992E-6,1.1840000,
,,,3.45199987E-6,1.1760000,
,,,3.45599983E-6,1.1840000,
,,,3.45999979E-6,1.1920000,
,,,3.46399997E-6,1.1920000,
,,,3.46799993E-6,1.1920000,
,,,3.47199989E-6,1.1920000,
,,,3.47599985E-6,1.2160001,
,,,3.47999980E-6,1.2160001,
,,,3.48399976E-6,1.2080001,
,,,3.48799995E-6,1.2160001,
,,,3.49199991E-6,1.2160001,
,,,3.49599986E-6,1.2240001,
,,,3.49999982E-6,1.2080001,
,,,3.50399978E-6,1.2080001,
,,,3.50799996E-6,1.2080001,
,,,3.51199992E-6,1.2160001,
,,,3.51599988E-6,1.2000000,
,,,3.51999984E-6,1.2000000,
,,,3.52399979E-6,1.2080001,
,,,3.52799998E-6,1.2000000,
,,,3.53199994E-6,1.1920000,
,,,3.53599989E-6,1.1840000,
,,,3.53999985E-6,1.1840000,
,,,3.54399981E-6,1.1760000,
,,,3.54799977E-6,1.1840000,
,,,3.55199995E-6,1.1760000,
,,,3.55599991E-6,1.1840000,
,,,3.55999987E-6,1.1760000,
,,,3.56399983E-6,1.1840000,
,,,3.56799978E-6,1.1760000,
,,,3.57199997E-6,1.1760000,
,,,3.57599993E-6,1.1840000,
,,,3.57999988E-6,1.1840000,
,,,3.58399984E-6,1.1680001,
,,,3.58799980E-6,1.2000000,
,,,3.59199998E-6,1.2000000,
,,,3.59599994E-6,1.2080001,
,,,3.59999990E-6,1.2160001,
,,,3.60399986E-6,1.2400000,
,,,3.60799982E-6,1.2160001,
,,,3.61199977E-6,1.2160001,
,,,3.61599996E-6,1.2240001,
,,,3.61999992E-6,1.2320001,
,,,3.62399987E-6,1.2320001,
,,,3.62799983E-6,1.2240001,
,,,3.63199979E-6,1.2160001,
,,,3.63599997E-6,1.2160001,
,,,3.63999993E-6,1.2080001,
,,,3.64399989E-6,1.2080001,
,,,3.64799985E-6,1.2080001,
,,,3.65199980E-6,1.2000000,
,,,3.65599976E-6,1.1920000,
,,,3.65999995E-6,1.2000000,
,,,3.66399991E-6,1.1920000,
,,,3.66799986E-6,1.1920000,
,,,3.67199982E-6,1.1840000,
,,,3.67599978E-6,1.1920000,
,,,3.67999996E-6,1.1840000,
,,,3.68399992E-6,1.1840000,
,,,3.68799988E-6,1.1840000,
,,,3.69199984E-6,1.1920000,
,,,3.69599979E-6,1.1760000,
,,,3.69999998E-6,1.1760000,
,,,3.70399994E-6,1.1840000,
,,,3.70799989E-6,1.1760000,
,,,3.71199985E-6,1.1840000,
,,,3.71599981E-6,1.1840000,
,,,3.71999977E-6,1.1920000,
,,,3.72399995E-6,1.2000000,
,,,3.72799991E-6,1.2080001,
,,,3.73199987E-6,1.2160001,
,,,3.73599983E-6,1.2240001,
,,,3.73999978E-6,1.2160001,
,,,3.74399997E-6,1.2240001,
,,,3.74799993E-6,1.2240001,
,,,3.75199988E-6,1.2320001,
,,,3.75599984E-6,1.2160001,
,,,3.75999980E-6,1.2080001,
,,,3.76399976E-6,1.2080001,
,,,3.76799994E-6,1.2160001,
,,,3.77199990E-6,1.2080001,
,,,3.77599986E-6,1.2080001,
,,,3.77999982E-6,1.2000000,
,,,3.78399977E-6,1.2000000,
,,,3.78799996E-6,1.1920000,
,,,3.79199992E-6,1.1840000,
,,,3.79599987E-6,1.1840000,
,,,3.79999983E-6,1.1920000,
,,,3.80399979E-6,1.1840000,
,,,3.80799997E-6,1.1920000,
,,,3.81199993E-6,1.1840000,
,,,3.81599966E-6,1.1760000,
,,,3.82000007E-6,1.1680001,
,,,3.82400003E-6,1.1680001,
,,,3.82799999E-6,1.1760000,
,,,3.83199995E-6,1.1680001,
,,,3.83599991E-6,1.1760000,
,,,3.83999986E-6,1.1840000,
,,,3.84399982E-6,1.2000000,
,,,3.84799978E-6,1.2000000,
,,,3.85199974E-6,1.2000000,
,,,3.85599969E-6,1.2000000,
,,,3.85999965E-6,1.2080001,
,,,3.86400006E-6,1.2160001,
,,,3.86800002E-6,1.2240001,
,,,3.87199998E-6,1.2160001,
,,,3.87599994E-6,1.2160001,
,,,3.87999989E-6,1.2080001,
,,,3.88399985E-6,1.2080001,
,,,3.88799981E-6,1.2160001,
,,,3.89199977E-6,1.2080001,
,,,3.89599973E-6,1.1920000,
,,,3.89999968E-6,1.2080001,
,,,3.90399964E-6,1.1920000,
,,,3.90800005E-6,1.2080001,
,,,3.91200001E-6,1.1920000,
,,,3.91599997E-6,1.1920000,
,,,3.91999993E-6,1.1840000,
,,,3.92399988E-6,1.1840000,
,,,3.92799984E-6,1.1840000,
,,,3.93199980E-6,1.1760000,
,,,3.93599976E-6,1.1760000,
,,,3.93999971E-6,1.1760000,
,,,3.94399967E-6,1.1680001,
,,,3.94800009E-6,1.1760000,
,,,3.95200004E-6,1.1760000,
,,,3.95600000E-6,1.1760000,
,,,3.95999996E-6,1.1840000,
,,,3.96399992E-6,1.1760000,
,,,3.96799987E-6,1.1840000,
,,,3.97199983E-6,1.1920000,
,,,3.97599979E-6,1.2000000,
,,,3.97999975E-6,1.2000000,
,,,3.98399970E-6,1.2160001,
,,,3.98799966E-6,1.2160001,
,,,3.99200007E-6,1.2240001,
,,,3.99600003E-6,1.2160001,
,,,3.99999999E-6,1.2240001,
,,,4.00399995E-6,1.2160001,
,,,4.00799991E-6,1.2160001,
,,,4.01199986E-6,1.2160001,
,,,4.01599982E-6,1.2240001,
,,,4.01999978E-6,1.2160001,
,,,4.02399974E-6,1.2080001,
,,,4.02799969E-6,1.2080001,
,,,4.03199965E-6,1.2080001,
,,,4.03600006E-6,1.1840000,
,,,4.04000002E-6,1.2000000,
,,,4.04399998E-6,1.1920000,
,,,4.04799994E-6,1.1920000,
,,,4.05199989E-6,1.1840000,
,,,4.05599985E-6,1.1760000,
,,,4.05999981E-6,1.1840000,
,,,4.06399977E-6,1.1760000,
,,,4.06799973E-6,1.1680001,
,,,4.07199968E-6,1.1840000,
,,,4.07599964E-6,1.1760000,
,,,4.08000005E-6,1.1680001,
,,,4.08400001E-6,1.1760000,
,,,4.08799997E-6,1.1760000,
,,,4.09199993E-6,1.1760000,
,,,4.09599988E-6,1.1760000,
,,,4.09999984E-6,1.1920000,
,,,4.10399980E-6,1.2000000,
,,,4.10799976E-6,1.2000000,
,,,4.11199971E-6,1.2080001,
,,,4.11599967E-6,1.2160001,
,,,4.12000009E-6,1.2160001,
,,,4.12400004E-6,1.2160001,
,,,4.12800000E-6,1.2080001,
,,,4.13199996E-6,1.2320001,
,,,4.13599992E-6,1.2160001,
,,,4.13999987E-6,1.2160001,
,,,4.14399983E-6,1.2160001,
,,,4.14799979E-6,1.2240001,
,,,4.15199975E-6,1.1920000,
,,,4.15599970E-6,1.2080001,
,,,4.15999966E-6,1.1920000,
,,,4.16400007E-6,1.2080001,
,,,4.16800003E-6,1.1840000,
,,,4.17199999E-6,1.1920000,
,,,4.17599995E-6,1.1840000,
,,,4.17999991E-6,1.1840000,
,,,4.18399986E-6,1.1840000,
,,,4.18799982E-6,1.1760000,
,,,4.19199978E-6,1.1840000,
,,,4.19599974E-6,1.1840000,
,,,4.19999969E-6,1.1760000,
,,,4.20399965E-6,1.1760000,
,,,4.20800006E-6,1.1680001,
,,,4.21200002E-6,1.1600001,
,,,4.21599998E-6,1.1760000,
,,,4.21999994E-6,1.1840000,
,,,4.22399989E-6,1.1840000,
,,,4.22799985E-6,1.1920000,
,,,4.23199981E-6,1.2000000,
,,,4.23599977E-6,1.2160001,
,,,4.23999973E-6,1.2240001,
,,,4.24399968E-6,1.2240001,
,,,4.24799964E-6,1.2240001,
,,,4.25200005E-6,1.2160001,
,,,4.25600001E-6,1.2240001,
,,,4.25999997E-6,1.2240001,
,,,4.26399993E-6,1.2240001,
,,,4.26799988E-6,1.2160001,
,,,4.27199984E-6,1.2240001,
,,,4.27599980E-6,1.2160001,
,,,4.27999976E-6,1.2080001,
,,,4.28399971E-6,1.2080001,
,,,4.28799967E-6,1.2080001,
,,,4.29199963E-6,1.1920000,
,,,4.29600004E-6,1.2000000,
,,,4.30000000E-6,1.1920000,
,,,4.30399996E-6,1.1920000,
,,,4.30799992E-6,1.1840000,
,,,4.31199987E-6,1.1840000,
,,,4.31599983E-6,1.1840000,
,,,4.31999979E-6,1.1920000,
,,,4.32399975E-6,1.1840000,
,,,4.32799970E-6,1.1760000,
,,,4.33199966E-6,1.1840000,
,,,4.33600007E-6,1.1760000,
,,,4.34000003E-6,1.1760000,
,,,4.34399999E-6,1.1840000,
,,,4.34799995E-6,1.1600001,
,,,4.35199991E-6,1.1760000,
,,,4.35599986E-6,1.1920000,
,,,4.35999982E-6,1.1920000,
,,,4.36399978E-6,1.2000000,
,,,4.36799974E-6,1.2080001,
,,,4.37199969E-6,1.2160001,
,,,4.37599965E-6,1.2080001,
,,,4.38000006E-6,1.2320001,
,,,4.38400002E-6,1.2160001,
,,,4.38799998E-6,1.2240001,
,,,4.39199994E-6,1.2160001,
,,,4.39599989E-6,1.2240001,
,,,4.39999985E-6,1.2080001,
,,,4.40399981E-6,1.2080001,
,,,4.40799977E-6,1.2000000,
,,,4.41199973E-6,1.2160001,
,,,4.41599968E-6,1.2080001,
,,,4.41999964E-6,1.1920000,
,,,4.42400005E-6,1.1920000,
,,,4.42800001E-6,1.2000000,
,,,4.43199997E-6,1.1840000,
,,,4.43599993E-6,1.1840000,
,,,4.43999988E-6,1.1760000,
,,,4.44399984E-6,1.1840000,
,,,4.44799980E-6,1.1760000,
,,,4.45199976E-6,1.1760000,
,,,4.45599971E-6,1.1680001,
,,,4.45999967E-6,1.1680001,
,,,4.46399963E-6,1.1760000,
,,,4.46800004E-6,1.1760000,
,,,4.47200000E-6,1.1760000,
,,,4.47599996E-6,1.1760000,
,,,4.47999992E-6,1.1920000,
,,,4.48399987E-6,1.2080001,
,,,4.48799983E-6,1.1920000,
,,,4.49199979E-6,1.1920000,
,,,4.49599975E-6,1.2160001,
,,,4.49999970E-6,1.2240001,
,,,4.50399966E-6,1.2240001,
,,,4.50799962E-6,1.2160001,
,,,4.51200003E-6,1.2240001,
,,,4.51599999E-6,1.2160001,
,,,4.51999995E-6,1.2240001,
,,,4.52399991E-6,1.2080001,
,,,4.52799986E-6,1.2240001,
,,,4.53199982E-6,1.2080001,
,,,4.53599978E-6,1.2080001,
,,,4.53999974E-6,1.2080001,
,,,4.54399969E-6,1.2080001,
,,,4.54799965E-6,1.1920000,
,,,4.55200006E-6,1.2000000,
,,,4.55600002E-6,1.1920000,
,,,4.55999998E-6,1.1920000,
,,,4.56399994E-6,1.1760000,
,,,4.56799989E-6,1.1840000,
,,,4.57199985E-6,1.1760000,
,,,4.57599981E-6,1.1840000,
,,,4.57999977E-6,1.1840000,
,,,4.58399973E-6,1.1840000,
,,,4.58799968E-6,1.1760000,
,,,4.59199964E-6,1.1680001,
,,,4.59600005E-6,1.1760000,
,,,4.60000001E-6,1.1760000,
,,,4.60399997E-6,1.1840000,
,,,4.60799993E-6,1.1760000,
,,,4.61199988E-6,1.2000000,
,,,4.61599984E-6,1.2000000,
,,,4.61999980E-6,1.2080001,
,,,4.62399976E-6,1.2160001,
,,,4.62799972E-6,1.2160001,
,,,4.63199967E-6,1.2240001,
,,,4.63599963E-6,1.2160001,
,,,4.64000004E-6,1.2160001,
,,,4.64400000E-6,1.2240001,
,,,4.64799996E-6,1.2160001,
,,,4.65199992E-6,1.2080001,
,,,4.65599987E-6,1.2080001,
,,,4.65999983E-6,1.2080001,
,,,4.66399979E-6,1.2000000,
,,,4.66799975E-6,1.2080001,
,,,4.67199970E-6,1.1920000,
,,,4.67599966E-6,1.1920000,
,,,4.67999962E-6,1.1920000,
,,,4.68400003E-6,1.1920000,
,,,4.68799999E-6,1.1760000,
,,,4.69199995E-6,1.1840000,
,,,4.69599991E-6,1.1760000,
,,,4.69999986E-6,1.1840000,
,,,4.70399982E-6,1.1760000,
,,,4.70799978E-6,1.1760000,
,,,4.71199974E-6,1.1840000,
,,,4.71599969E-6,1.1760000,
,,,4.71999965E-6,1.1760000,
,,,4.72400006E-6,1.1760000,
,,,4.72800002E-6,1.1680001,
,,,4.73199998E-6,1.1760000,
,,,4.73599994E-6,1.1840000,
,,,4.73999989E-6,1.1920000,
,,,4.74399985E-6,1.2000000,
,,,4.74799981E-6,1.2160001,
,,,4.75199977E-6,1.2160001,
,,,4.75599973E-6,1.2240001,
,,,4.75999968E-6,1.2240001,
,,,4.76399964E-6,1.2240001,
,,,4.76800005E-6,1.2320001,
,,,4.77200001E-6,1.2160001,
,,,4.77599997E-6,1.2320001,
,,,4.77999993E-6,1.2160001,
,,,4.78399988E-6,1.2160001,
,,,4.78799984E-6,1.2080001,
,,,4.79199980E-6,1.2160001,
,,,4.79599976E-6,1.2080001,
,,,4.79999972E-6,1.2000000,
,,,4.80399967E-6,1.2000000,
,,,4.80799963E-6,1.2000000,
,,,4.81200004E-6,1.1920000,
,,,4.81600000E-6,1.1920000,
,,,4.81999996E-6,1.1840000,
,,,4.82399992E-6,1.1920000,
,,,4.82799987E-6,1.1680001,
,,,4.83199983E-6,1.1760000,
,,,4.83599979E-6,1.1840000,
,,,4.83999975E-6,1.1760000,
,,,4.84399970E-6,1.1680001,
,,,4.84799966E-6,1.1760000,
,,,4.85199962E-6,1.1680001,
,,,4.85600003E-6,1.1760000,
,,,4.85999999E-6,1.1840000,
,,,4.86399995E-6,1.2000000,
,,,4.86799991E-6,1.2000000,
,,,4.87199986E-6,1.2000000,
,,,4.87599982E-6,1.2080001,
,,,4.87999978E-6,1.2160001,
,,,4.88399974E-6,1.2240001,
,,,4.88799969E-6,1.2160001,
,,,4.89199965E-6,1.2320001,
,,,4.89599961E-6,1.2240001,
,,,4.90000002E-6,1.2240001,
,,,4.90399998E-6,1.2080001,
,,,4.90799994E-6,1.2160001,
,,,4.91199989E-6,1.2080001,
,,,4.91599985E-6,1.2000000,
,,,4.91999981E-6,1.2000000,
,,,4.92399977E-6,1.2000000,
,,,4.92799973E-6,1.2000000,
,,,4.93199968E-6,1.1920000,
,,,4.93599964E-6,1.1920000,
,,,4.94000005E-6,1.1920000,
,,,4.94400001E-6,1.1840000,
,,,4.94799997E-6,1.1920000,
,,,4.95199993E-6,1.1760000,
,,,4.95599988E-6,1.1840000,
,,,4.95999984E-6,1.1760000,
,,,4.96399980E-6,1.1760000,
,,,4.96799976E-6,1.1680001,
,,,4.97199972E-6,1.1680001,
,,,4.97599967E-6,1.1680001,
,,,4.97999963E-6,1.1760000,
,,,4.98400004E-6,1.1760000,
,,,4.98800000E-6,1.1920000,
,,,4.99199996E-6,1.1920000,
,,,4.99599992E-6,1.1920000,
,,,4.99999987E-6,1.2080001,
,,,5.00399983E-6,1.2000000,
,,,5.00799979E-6,1.2160001,
,,,5.01199975E-6,1.2160001,
,,,5.01599970E-6,1.2240001,
,,,5.01999966E-6,1.2240001,
,,,5.02399962E-6,1.2160001,
,,,5.02800003E-6,1.2240001,
,,,5.03199999E-6,1.2240001,
,,,5.03599995E-6,1.2080001,
,,,5.03999991E-6,1.2080001,
,,,5.04399986E-6,1.2080001,
,,,5.04799982E-6,1.2000000,
,,,5.05199978E-6,1.2000000,
,,,5.05599974E-6,1.2000000,
,,,5.05999969E-6,1.1920000,
,,,5.06399965E-6,1.2000000,
,,,5.06799961E-6,1.1920000,
,,,5.07200002E-6,1.1840000,
,,,5.07599998E-6,1.1760000,
,,,5.07999994E-6,1.1760000,
,,,5.08399989E-6,1.1680001,
,,,5.08799985E-6,1.1840000,
,,,5.09199981E-6,1.1680001,
,,,5.09599977E-6,1.1840000,
,,,5.09999973E-6,1.1760000,
,,,5.10399968E-6,1.1680001,
,,,5.10799964E-6,1.1760000,
,,,5.11200005E-6,1.1760000,
,,,5.11600001E-6,1.1840000,
,,,5.11999997E-6,1.1840000,
,,,5.12399993E-6,1.2000000,
,,,5.12799988E-6,1.2080001,
,,,5.13199984E-6,1.2160001,
,,,5.13599980E-6,1.2080001,
,,,5.13999976E-6,1.2160001,
,,,5.14399972E-6,1.2160001,
,,,5.14799967E-6,1.2240001,
,,,5.15199963E-6,1.2240001,
,,,5.15600004E-6,1.2160001,
,,,5.16000000E-6,1.2160001,
,,,5.16399996E-6,1.2160001,
,,,5.16799992E-6,1.2000000,
,,,5.17199987E-6,1.2160001,
,,,5.17599983E-6,1.2000000,
,,,5.17999979E-6,1.1920000,
,,,5.18399975E-6,1.1920000,
,,,5.18799970E-6,1.2080001,
,,,5.19199966E-6,1.1920000,
,,,5.19599962E-6,1.1920000,
,,,5.20000003E-6,1.1920000,
,,,5.20399999E-6,1.1920000,
,,,5.20799995E-6,1.1760000,
,,,5.21199991E-6,1.1840000,
,,,5.21599986E-6,1.1840000,
,,,5.21999982E-6,1.1920000,
,,,5.22399978E-6,1.1680001,
,,,5.22799974E-6,1.1680001,
,,,5.23199969E-6,1.1680001,
,,,5.23599965E-6,1.1760000,
,,,5.23999961E-6,1.1840000,
,,,5.24400002E-6,1.1840000,
,,,5.24799998E-6,1.1920000,
,,,5.25199994E-6,1.2000000,
,,,5.25599989E-6,1.2000000,
,,,5.25999985E-6,1.2160001,
,,,5.26399981E-6,1.2160001,
,,,5.26799977E-6,1.2080001,
,,,5.27199973E-6,1.2160001,
,,,5.27599968E-6,1.2160001,
,,,5.27999964E-6,1.2240001,
,,,5.28399960E-6,1.2080001,
,,,5.28800001E-6,1.2160001,
,,,5.29199997E-6,1.2160001,
,,,5.29599993E-6,1.2080001,
,,,5.29999988E-6,1.1920000,
,,,5.30399984E-6,1.2000000,
,,,5.30799980E-6,1.2000000,
,,,5.31199976E-6,1.1920000,
,,,5.31599972E-6,1.1840000,
,,,5.31999967E-6,1.1920000,
,,,5.32399963E-6,1.1840000,
,,,5.32800004E-6,1.1840000,
,,,5.33200000E-6,1.1840000,
,,,5.33599996E-6,1.1840000,
,,,5.33999992E-6,1.1680001,
,,,5.34399987E-6,1.1760000,
,,,5.34799983E-6,1.1680001,
,,,5.35199979E-6,1.1840000,
,,,5.35599975E-6,1.1680001,
,,,5.35999970E-6,1.1760000,
,,,5.36399966E-6,1.1680001,
,,,5.36799962E-6,1.1840000,
,,,5.37200003E-6,1.1840000,
,,,5.37599999E-6,1.2000000,
,,,5.37999995E-6,1.2000000,
,,,5.38399991E-6,1.2240001,
,,,5.38799986E-6,1.2160001,
,,,5.39199982E-6,1.2160001,
,,,5.39599978E-6,1.2320001,
,,,5.39999974E-6,1.2160001,
,,,5.40399969E-6,1.2080001,
,,,5.40799965E-6,1.2160001,
,,,5.41199961E-6,1.2160001,
,,,5.41600002E-6,1.2160001,
,,,5.41999998E-6,1.2160001,
,,,5.42399994E-6,1.2080001,
,,,5.42799989E-6,1.2080001,
,,,5.43199985E-6,1.1920000,
,,,5.43599981E-6,1.2000000,
,,,5.43999977E-6,1.1920000,
,,,5.44399973E-6,1.1920000,
,,,5.44799968E-6,1.1840000,
,,,5.45199964E-6,1.1840000,
,,,5.45599960E-6,1.1760000,
,,,5.46000001E-6,1.1920000,
,,,5.46399997E-6,1.1760000,
,,,5.46799993E-6,1.1840000,
,,,5.47199988E-6,1.1760000,
,,,5.47599984E-6,1.1760000,
,,,5.47999980E-6,1.1680001,
,,,5.48399976E-6,1.1760000,
,,,5.48799972E-6,1.1760000,
,,,5.49199967E-6,1.1760000,
,,,5.49599963E-6,1.1760000,
,,,5.50000004E-6,1.1840000,
,,,5.50400000E-6,1.1920000,
,,,5.50799996E-6,1.2000000,
,,,5.51199992E-6,1.2080001,
,,,5.51599987E-6,1.2160001,
,,,5.51999983E-6,1.2160001,
,,,5.52399979E-6,1.2160001,
,,,5.52799975E-6,1.2160001,
,,,5.53199970E-6,1.2160001,
,,,5.53599966E-6,1.2160001,
,,,5.53999962E-6,1.2160001,
,,,5.54400003E-6,1.2080001,
,,,5.54799999E-6,1.2080001,
,,,5.55199995E-6,1.2080001,
,,,5.55599991E-6,1.2000000,
,,,5.55999986E-6,1.2000000,
,,,5.56399982E-6,1.1920000,
,,,5.56799978E-6,1.2160001,
,,,5.57199974E-6,1.1840000,
,,,5.57599969E-6,1.1920000,
,,,5.57999965E-6,1.1840000,
,,,5.58399961E-6,1.1920000,
,,,5.58800002E-6,1.1840000,
,,,5.59199998E-6,1.1760000,
,,,5.59599994E-6,1.1760000,
,,,5.59999989E-6,1.1840000,
,,,5.60399985E-6,1.1760000,
,,,5.60799981E-6,1.1760000,
,,,5.61199977E-6,1.1680001,
,,,5.61599973E-6,1.1920000,
,,,5.61999968E-6,1.1680001,
,,,5.62399964E-6,1.1920000,
,,,5.62799960E-6,1.2000000,
,,,5.63200001E-6,1.2000000,
,,,5.63599997E-6,1.2080001,
,,,5.63999993E-6,1.2160001,
,,,5.64399988E-6,1.2160001,
,,,5.64799984E-6,1.2160001,
,,,5.65199980E-6,1.2240001,
,,,5.65599976E-6,1.2240001,
,,,5.65999972E-6,1.2320001,
,,,5.66399967E-6,1.2160001,
,,,5.66799963E-6,1.2240001,
,,,5.67199959E-6,1.2240001,
,,,5.67600000E-6,1.2080001,
,,,5.67999996E-6,1.2000000,
,,,5.68399992E-6,1.2080001,
,,,5.68799987E-6,1.2080001,
,,,5.69199983E-6,1.2000000,
,,,5.69599979E-6,1.1920000,
,,,5.69999975E-6,1.2000000,
,,,5.70399970E-6,1.1920000,
,,,5.70799966E-6,1.1840000,
,,,5.71199962E-6,1.1760000,
,,,5.71600003E-6,1.1920000,
,,,5.71999999E-6,1.1760000,
,,,5.72399995E-6,1.1760000,
,,,5.72799991E-6,1.1840000,
,,,5.73199986E-6,1.1920000,
,,,5.73599982E-6,1.1680001,
,,,5.73999978E-6,1.1760000,
,,,5.74399974E-6,1.1680001,
,,,5.74799969E-6,1.1840000,
,,,5.75199965E-6,1.1920000,
,,,5.75599961E-6,1.2000000,
,,,5.76000002E-6,1.2000000,
,,,5.76399998E-6,1.2080001,
,,,5.76799994E-6,1.2080001,
,,,5.77199989E-6,1.2160001,
,,,5.77599985E-6,1.2240001,
,,,5.77999981E-6,1.2160001,
,,,5.78399977E-6,1.2240001,
,,,5.78799973E-6,1.2160001,
,,,5.79199968E-6,1.2240001,
,,,5.79599964E-6,1.2160001,
,,,5.79999960E-6,1.2080001,
,,,5.80400001E-6,1.2080001,
,,,5.80799997E-6,1.2080001,
,,,5.81199993E-6,1.2080001,
,,,5.81599988E-6,1.2000000,
,,,5.81999984E-6,1.1920000,
,,,5.82399980E-6,1.2080001,
,,,5.82799976E-6,1.1920000,
,,,5.83199972E-6,1.1840000,
,,,5.83599967E-6,1.1840000,
,,,5.83999963E-6,1.1760000,
,,,5.84399959E-6,1.1760000,
,,,5.84800000E-6,1.1760000,
,,,5.85199996E-6,1.1680001,
,,,5.85599992E-6,1.1840000,
,,,5.85999987E-6,1.1680001,
,,,5.86399983E-6,1.1760000,
,,,5.86799979E-6,1.1760000,
,,,5.87199975E-6,1.1760000,
,,,5.87599970E-6,1.1760000,
,,,5.87999966E-6,1.1920000,
,,,5.88399962E-6,1.1920000,
,,,5.88800003E-6,1.2080001,
,,,5.89199999E-6,1.2080001,
,,,5.89599995E-6,1.2160001,
,,,5.89999991E-6,1.2240001,
,,,5.90399986E-6,1.2320001,
,,,5.90799982E-6,1.2240001,
,,,5.91199978E-6,1.2320001,
,,,5.91599974E-6,1.2240001,
,,,5.91999969E-6,1.2240001,
,,,5.92399965E-6,1.2160001,
,,,5.92799961E-6,1.2160001,
,,,5.93200002E-6,1.2160001,
,,,5.93599998E-6,1.2160001,
,,,5.93999994E-6,1.2160001,
,,,5.94399989E-6,1.2080001,
,,,5.94799985E-6,1.2080001,
,,,5.95199981E-6,1.2000000,
,,,5.95599977E-6,1.2000000,
,,,5.95999973E-6,1.1920000,
,,,5.96399968E-6,1.2000000,
,,,5.96799964E-6,1.1840000,
,,,5.97199960E-6,1.1920000,
,,,5.97600001E-6,1.1840000,
,,,5.97999997E-6,1.1840000,
,,,5.98399993E-6,1.1840000,
,,,5.98799988E-6,1.1680001,
,,,5.99199984E-6,1.1760000,
,,,5.99599980E-6,1.1920000,
,,,5.99999976E-6,1.1760000,
,,,6.00399972E-6,1.1840000,
,,,6.00799967E-6,1.1840000,
,,,6.01199963E-6,1.1920000,
,,,6.01599959E-6,1.1920000,
,,,6.02000000E-6,1.2000000,
,,,6.02399996E-6,1.2080001,
,,,6.02799992E-6,1.2080001,
,,,6.03199987E-6,1.2080001,
,,,6.03599983E-6,1.2240001,
,,,6.03999979E-6,1.2160001,
,,,6.04399975E-6,1.2080001,
,,,6.04799970E-6,1.2000000,
,,,6.05199966E-6,1.2080001,
,,,6.05599962E-6,1.2000000,
,,,6.05999958E-6,1.2000000,
,,,6.06399999E-6,1.2000000,
,,,6.06799995E-6,1.2000000,
,,,6.07199991E-6,1.1920000,
,,,6.07599986E-6,1.1760000,
,,,6.07999982E-6,1.1920000,
,,,6.08399978E-6,1.1920000,
,,,6.08799974E-6,1.1840000,
,,,6.09199969E-6,1.1840000,
,,,6.09599965E-6,1.1840000,
,,,6.09999961E-6,1.1840000,
,,,6.10400002E-6,1.1760000,
,,,6.10799998E-6,1.1680001,
,,,6.11199994E-6,1.1840000,
,,,6.11599989E-6,1.1760000,
,,,6.11999985E-6,1.1680001,
,,,6.12399981E-6,1.1680001,
,,,6.12799977E-6,1.1840000,
,,,6.13199973E-6,1.1760000,
,,,6.13599968E-6,1.2000000,
,,,6.13999964E-6,1.1920000,
,,,6.14399960E-6,1.2080001,
,,,6.14800001E-6,1.2080001,
,,,6.15199997E-6,1.2160001,
,,,6.15599993E-6,1.2160001,
,,,6.15999988E-6,1.2160001,
,,,6.16399984E-6,1.2240001,
,,,6.16799980E-6,1.2160001,
,,,6.17199976E-6,1.2160001,
,,,6.17599972E-6,1.2240001,
,,,6.17999967E-6,1.2160001,
,,,6.18399963E-6,1.2080001,
,,,6.18799959E-6,1.2080001,
,,,6.19200000E-6,1.2000000,
,,,6.19599996E-6,1.2000000,
,,,6.19999992E-6,1.1920000,
,,,6.20399987E-6,1.1920000,
,,,6.20799983E-6,1.1920000,
,,,6.21199979E-6,1.1840000,
,,,6.21599975E-6,1.1840000,
,,,6.21999970E-6,1.1760000,
,,,6.22399966E-6,1.1760000,
,,,6.22799962E-6,1.1840000,
,,,6.23199958E-6,1.1760000,
,,,6.23599999E-6,1.1760000,
,,,6.23999995E-6,1.1680001,
,,,6.24399991E-6,1.1600001,
,,,6.24799986E-6,1.1600001,
,,,6.25199982E-6,1.1760000,
,,,6.25599978E-6,1.1680001,
,,,6.25999974E-6,1.1760000,
,,,6.26399969E-6,1.1840000,
,,,6.26799965E-6,1.1920000,
,,,6.27199961E-6,1.1840000,
,,,6.27600002E-6,1.2000000,
,,,6.27999998E-6,1.2000000,
,,,6.28399994E-6,1.2160001,
,,,6.28799989E-6,1.2160001,
,,,6.29199985E-6,1.2160001,
,,,6.29599981E-6,1.2240001,
,,,6.29999977E-6,1.2160001,
,,,6.30399973E-6,1.2240001,
,,,6.30799968E-6,1.2080001,
,,,6.31199964E-6,1.2080001,
,,,6.31599960E-6,1.2000000,
,,,6.32000001E-6,1.2000000,
,,,6.32399997E-6,1.2000000,
,,,6.32799993E-6,1.1920000,
,,,6.33199988E-6,1.1920000,
,,,6.33599984E-6,1.1920000,
,,,6.33999980E-6,1.1920000,
,,,6.34399976E-6,1.1920000,
,,,6.34799972E-6,1.1840000,
,,,6.35199967E-6,1.1840000,
,,,6.35599963E-6,1.1760000,
,,,6.35999959E-6,1.1840000,
,,,6.36400000E-6,1.1760000,
,,,6.36799996E-6,1.1680001,
,,,6.37199992E-6,1.1760000,
,,,6.37599987E-6,1.1840000,
,,,6.37999983E-6,1.1680001,
,,,6.38399979E-6,1.1840000,
,,,6.38799975E-6,1.1840000,
,,,6.39199970E-6,1.2000000,
,,,6.39599966E-6,1.2000000,
,,,6.39999962E-6,1.2000000,
,,,6.40399958E-6,1.2000000,
,,,6.40799999E-6,1.2240001,
,,,6.41199995E-6,1.2080001,
,,,6.41599991E-6,1.2240001,
,,,6.41999986E-6,1.2160001,
,,,6.42399982E-6,1.2160001,
,,,6.42799978E-6,1.2160001,
,,,6.43199974E-6,1.2240001,
,,,6.43599969E-6,1.2160001,
,,,6.43999965E-6,1.2080001,
,,,6.44399961E-6,1.2080001,
,,,6.44799957E-6,1.2000000,
,,,6.45199998E-6,1.2080001,
,,,6.45599994E-6,1.1920000,
,,,6.45999990E-6,1.1920000,
,,,6.46399985E-6,1.1920000,
,,,6.46799981E-6,1.1840000,
,,,6.47199977E-6,1.1760000,
,,,6.47599973E-6,1.1840000,
,,,6.47999968E-6,1.1840000,
,,,6.48399964E-6,1.1920000,
,,,6.48799960E-6,1.1680001,
,,,6.49200001E-6,1.1760000,
,,,6.49599997E-6,1.1760000,
,,,6.49999993E-6,1.1760000,
,,,6.50399988E-6,1.1760000,
,,,6.50799984E-6,1.1760000,
,,,6.51199980E-6,1.1840000,
,,,6.51599976E-6,1.1760000,
,,,6.51999972E-6,1.1920000,
,,,6.52399967E-6,1.2080001,
,,,6.52799963E-6,1.2000000,
,,,6.53199959E-6,1.2160001,
,,,6.53600000E-6,1.2160001,
,,,6.53999996E-6,1.2160001,
,,,6.54399992E-6,1.2080001,
,,,6.54799987E-6,1.2240001,
,,,6.55199983E-6,1.2080001,
,,,6.55599979E-6,1.2160001,
,,,6.55999975E-6,1.2080001,
,,,6.56399970E-6,1.2160001,
,,,6.56799966E-6,1.2000000,
,,,6.57199962E-6,1.1920000,
,,,6.57599958E-6,1.2000000,
,,,6.57999999E-6,1.2000000,
,,,6.58399995E-6,1.1920000,
,,,6.58799991E-6,1.1760000,
,,,6.59199986E-6,1.1840000,
,,,6.59599982E-6,1.1760000,
,,,6.59999978E-6,1.1840000,
,,,6.60399974E-6,1.1840000,
,,,6.60799969E-6,1.1760000,
,,,6.61199965E-6,1.1680001,
,,,6.61599961E-6,1.1760000,
,,,6.61999957E-6,1.1840000,
,,,6.62399998E-6,1.1840000,
,,,6.62799994E-6,1.1680001,
,,,6.63199990E-6,1.1680001,
,,,6.63599985E-6,1.1680001,
,,,6.63999981E-6,1.1840000,
,,,6.64399977E-6,1.1840000,
,,,6.64799973E-6,1.2080001,
,,,6.65199968E-6,1.2000000,
,,,6.65599964E-6,1.2080001,
,,,6.65999960E-6,1.2080001,
,,,6.66400001E-6,1.2160001,
,,,6.66799997E-6,1.2080001,
,,,6.67199993E-6,1.2160001,
,,,6.67599988E-6,1.2160001,
,,,6.67999984E-6,1.2160001,
,,,6.68399980E-6,1.2080001,
,,,6.68799976E-6,1.2160001,
,,,6.69199972E-6,1.2080001,
,,,6.69599967E-6,1.2080001,
,,,6.69999963E-6,1.2000000,
,,,6.70399959E-6,1.2000000,
,,,6.70800000E-6,1.2080001,
,,,6.71199996E-6,1.2000000,
,,,6.71599992E-6,1.1920000,
,,,6.71999987E-6,1.1920000,
,,,6.72399983E-6,1.1840000,
,,,6.72799979E-6,1.1760000,
,,,6.73199975E-6,1.1840000,
,,,6.73599970E-6,1.1840000,
,,,6.73999966E-6,1.1760000,
,,,6.74399962E-6,1.1680001,
,,,6.74799958E-6,1.1760000,
,,,6.75199999E-6,1.1760000,
,,,6.75599995E-6,1.1680001,
,,,6.75999991E-6,1.1760000,
,,,6.76399986E-6,1.1840000,
,,,6.76799982E-6,1.1920000,
,,,6.77199978E-6,1.2080001,
,,,6.77599974E-6,1.2000000,
,,,6.77999969E-6,1.2160001,
,,,6.78399965E-6,1.2160001,
,,,6.78799961E-6,1.2240001,
,,,6.79199957E-6,1.2080001,
,,,6.79599998E-6,1.2240001,
,,,6.79999994E-6,1.2160001,
,,,6.80399990E-6,1.2320001,
,,,6.80799985E-6,1.2160001,
,,,6.81199981E-6,1.2080001,
,,,6.81599977E-6,1.2160001,
,,,6.81999973E-6,1.2000000,
,,,6.82399968E-6,1.2000000,
,,,6.82799964E-6,1.2080001,
,,,6.83199960E-6,1.2000000,
,,,6.83599956E-6,1.1920000,
,,,6.83999997E-6,1.1920000,
,,,6.84399993E-6,1.1840000,
,,,6.84799988E-6,1.1920000,
,,,6.85199984E-6,1.1840000,
,,,6.85599980E-6,1.1920000,
,,,6.85999976E-6,1.1840000,
,,,6.86399972E-6,1.1760000,
,,,6.86799967E-6,1.1760000,
,,,6.87199963E-6,1.1760000,
,,,6.87599959E-6,1.1760000,
,,,6.88000000E-6,1.1760000,
,,,6.88399996E-6,1.1600001,
,,,6.88799992E-6,1.1760000,
,,,6.89199987E-6,1.1840000,
,,,6.89599983E-6,1.1920000,
,,,6.89999979E-6,1.1920000,
,,,6.90399975E-6,1.2080001,
,,,6.90799970E-6,1.2000000,
,,,6.91199966E-6,1.2160001,
,,,6.91599962E-6,1.2160001,
,,,6.91999958E-6,1.2240001,
,,,6.92399999E-6,1.2160001,
,,,6.92799995E-6,1.2160001,
,,,6.93199991E-6,1.2080001,
,,,6.93599986E-6,1.2240001,
,,,6.93999982E-6,1.2160001,
,,,6.94399978E-6,1.2000000,
,,,6.94799974E-6,1.2000000,
,,,6.95199969E-6,1.2080001,
,,,6.95599965E-6,1.1920000,
,,,6.95999961E-6,1.2000000,
,,,6.96399957E-6,1.2000000,
,,,6.96799998E-6,1.1920000,
,,,6.97199994E-6,1.1920000,
,,,6.97599990E-6,1.1840000,
,,,6.97999985E-6,1.1840000,
,,,6.98399981E-6,1.1760000,
,,,6.98799977E-6,1.1840000,
,,,6.99199973E-6,1.1760000,
,,,6.99599968E-6,1.1760000,
,,,6.99999964E-6,1.1840000,
,,,7.00399960E-6,1.1680001,
,,,7.00799956E-6,1.1760000,
,,,7.01199997E-6,1.1760000,
,,,7.01599993E-6,1.1680001,
,,,7.01999988E-6,1.1920000,
,,,7.02399984E-6,1.1840000,
,,,7.02799980E-6,1.1920000,
,,,7.03199976E-6,1.2000000,
,,,7.03599972E-6,1.2080001,
,,,7.03999967E-6,1.2080001,
,,,7.04399963E-6,1.2160001,
,,,7.04799959E-6,1.2080001,
,,,7.05200000E-6,1.2240001,
,,,7.05599996E-6,1.2080001,
,,,7.05999992E-6,1.2080001,
,,,7.06399987E-6,1.2000000,
,,,7.06799983E-6,1.2080001,
,,,7.07199979E-6,1.2000000,
,,,7.07599975E-6,1.2080001,
,,,7.07999970E-6,1.2080001,
,,,7.08399966E-6,1.2000000,
,,,7.08799962E-6,1.1920000,
,,,7.09199958E-6,1.2000000,
,,,7.09599999E-6,1.1920000,
,,,7.09999995E-6,1.1840000,
,,,7.10399991E-6,1.1840000,
,,,7.10799986E-6,1.1840000,
,,,7.11199982E-6,1.1760000,
,,,7.11599978E-6,1.1760000,
,,,7.11999974E-6,1.1840000,
,,,7.12399969E-6,1.1760000,
,,,7.12799965E-6,1.1840000,
,,,7.13199961E-6,1.1840000,
,,,7.13599957E-6,1.1760000,
,,,7.13999998E-6,1.1840000,
,,,7.14399994E-6,1.1840000,
,,,7.14799990E-6,1.1840000,
,,,7.15199985E-6,1.2000000,
,,,7.15599981E-6,1.1920000,
,,,7.15999977E-6,1.2000000,
,,,7.16399973E-6,1.2160001,
,,,7.16799968E-6,1.2320001,
,,,7.17199964E-6,1.2160001,
,,,7.17599960E-6,1.2240001,
,,,7.17999956E-6,1.2160001,
,,,7.18399997E-6,1.2320001,
,,,7.18799993E-6,1.2160001,
,,,7.19199988E-6,1.2160001,
,,,7.19599984E-6,1.2160001,
,,,7.19999980E-6,1.2160001,
,,,7.20399976E-6,1.2080001,
,,,7.20799972E-6,1.2080001,
,,,7.21199967E-6,1.2000000,
,,,7.21599963E-6,1.2000000,
,,,7.21999959E-6,1.1920000,
,,,7.22399955E-6,1.2000000,
,,,7.22799996E-6,1.1840000,
,,,7.23199992E-6,1.1920000,
,,,7.23599987E-6,1.1920000,
,,,7.23999983E-6,1.1840000,
,,,7.24399979E-6,1.1920000,
,,,7.24799975E-6,1.1760000,
,,,7.25199970E-6,1.1760000,
,,,7.25599966E-6,1.1840000,
,,,7.25999962E-6,1.1760000,
,,,7.26399958E-6,1.1760000,
,,,7.26799999E-6,1.1760000,
,,,7.27199995E-6,1.1760000,
,,,7.27599991E-6,1.1840000,
,,,7.27999986E-6,1.1760000,
,,,7.28399982E-6,1.1920000,
,,,7.28799978E-6,1.2080001,
,,,7.29199974E-6,1.2080001,
,,,7.29599969E-6,1.2080001,
,,,7.29999965E-6,1.2160001,
,,,7.30399961E-6,1.2160001,
,,,7.30799957E-6,1.2080001,
,,,7.31199998E-6,1.2160001,
,,,7.31599994E-6,1.2240001,
,,,7.31999990E-6,1.2080001,
,,,7.32399985E-6,1.2080001,
,,,7.32799981E-6,1.2080001,
,,,7.33199977E-6,1.2080001,
,,,7.33599973E-6,1.1920000,
,,,7.33999968E-6,1.1920000,
,,,7.34399964E-6,1.1920000,
,,,7.34799960E-6,1.1920000,
,,,7.35199956E-6,1.1840000,
,,,7.35599997E-6,1.1840000,
,,,7.35999993E-6,1.1840000,
,,,7.36399988E-6,1.1760000,
,,,7.36799984E-6,1.1840000,
,,,7.37199980E-6,1.1760000,
,,,7.37599976E-6,1.1760000,
,,,7.37999972E-6,1.1680001,
,,,7.38399967E-6,1.1680001,
,,,7.38799963E-6,1.1680001,
,,,7.391999588E-6,1.1680001,
,,,7.395999546E-6,1.1760000,
,,,7.399999959E-6,1.1760000,
,,,7.403999916E-6,1.1840000,
,,,7.407999874E-6,1.2080001,
,,,7.411999832E-6,1.1920000,
,,,7.415999789E-6,1.2160001,
,,,7.419999747E-6,1.2080001,
,,,7.423999705E-6,1.2160001,
,,,7.427999662E-6,1.2160001,
,,,7.431999620E-6,1.2240001,
,,,7.435999578E-6,1.2160001,
,,,7.439999990E-6,1.2240001,
,,,7.443999948E-6,1.2240001,
,,,7.447999906E-6,1.2160001,
,,,7.451999863E-6,1.2160001,
,,,7.455999821E-6,1.2160001,
,,,7.459999779E-6,1.1920000,
,,,7.463999737E-6,1.2000000,
,,,7.467999694E-6,1.1920000,
,,,7.471999652E-6,1.1920000,
,,,7.475999610E-6,1.2000000,
,,,7.479999567E-6,1.1840000,
,,,7.483999980E-6,1.1920000,
,,,7.487999937E-6,1.1920000,
,,,7.491999895E-6,1.1840000,
,,,7.495999853E-6,1.1840000,
,,,7.499999811E-6,1.1840000,
,,,7.503999768E-6,1.1760000,
,,,7.507999726E-6,1.1840000,
,,,7.511999684E-6,1.1760000,
,,,7.515999641E-6,1.1760000,
,,,7.519999599E-6,1.1680001,
,,,7.523999557E-6,1.1840000,
,,,7.527999969E-6,1.1840000,
,,,7.531999927E-6,1.1840000,
,,,7.535999885E-6,1.1840000,
,,,7.539999842E-6,1.2080001,
,,,7.543999800E-6,1.1920000,
,,,7.547999758E-6,1.2080001,
,,,7.551999715E-6,1.2080001,
,,,7.555999673E-6,1.2160001,
,,,7.559999631E-6,1.2160001,
,,,7.563999588E-6,1.2320001,
,,,7.567999546E-6,1.2080001,
,,,7.571999959E-6,1.2160001,
,,,7.575999916E-6,1.2080001,
,,,7.579999874E-6,1.2160001,
,,,7.583999832E-6,1.2000000,
,,,7.587999789E-6,1.2080001,
,,,7.591999747E-6,1.1920000,
,,,7.595999705E-6,1.2000000,
,,,7.599999662E-6,1.1840000,
,,,7.603999620E-6,1.1920000,
,,,7.607999578E-6,1.1840000,
,,,7.611999536E-6,1.1840000,
,,,7.615999948E-6,1.1840000,
,,,7.619999906E-6,1.1760000,
,,,7.623999863E-6,1.1760000,
,,,7.627999821E-6,1.1760000,
,,,7.631999324E-6,1.1680001,
,,,7.636000191E-6,1.1760000,
,,,7.640000149E-6,1.1760000,
,,,7.644000107E-6,1.1760000,
,,,7.648000064E-6,1.1760000,
,,,7.652000022E-6,1.1760000,
,,,7.655999980E-6,1.1840000,
,,,7.659999937E-6,1.1840000,
,,,7.663999895E-6,1.2000000,
,,,7.667999853E-6,1.2080001,
,,,7.671999811E-6,1.2080001,
,,,7.675999768E-6,1.2080001,
,,,7.679999726E-6,1.2160001,
,,,7.683999684E-6,1.2240001,
,,,7.687999641E-6,1.2240001,
,,,7.691999599E-6,1.2160001,
,,,7.695999557E-6,1.2160001,
,,,7.699999514E-6,1.2080001,
,,,7.703999472E-6,1.2160001,
,,,7.707999430E-6,1.2160001,
,,,7.711999388E-6,1.2160001,
,,,7.715999345E-6,1.2000000,
,,,7.719999303E-6,1.2080001,
,,,7.724000170E-6,1.1920000,
,,,7.728000128E-6,1.2160001,
,,,7.732000086E-6,1.1920000,
,,,7.736000043E-6,1.1920000,
,,,7.740000001E-6,1.1920000,
,,,7.743999959E-6,1.1840000,
,,,7.747999916E-6,1.1760000,
,,,7.751999874E-6,1.1840000,
,,,7.755999832E-6,1.1760000,
,,,7.759999789E-6,1.1760000,
,,,7.763999747E-6,1.1760000,
,,,7.767999705E-6,1.1680001,
,,,7.771999663E-6,1.1840000,
,,,7.775999620E-6,1.1680001,
,,,7.779999578E-6,1.1760000,
,,,7.783999536E-6,1.1840000,
,,,7.787999493E-6,1.1840000,
,,,7.791999451E-6,1.1920000,
,,,7.795999409E-6,1.2000000,
,,,7.799999366E-6,1.2080001,
,,,7.803999324E-6,1.2160001,
,,,7.808000191E-6,1.2080001,
,,,7.812000149E-6,1.2160001,
,,,7.816000107E-6,1.2160001,
,,,7.820000064E-6,1.2240001,
,,,7.824000022E-6,1.2080001,
,,,7.827999980E-6,1.2160001,
,,,7.831999937E-6,1.2080001,
,,,7.835999895E-6,1.2080001,
,,,7.839999853E-6,1.2000000,
,,,7.843999811E-6,1.1920000,
,,,7.847999768E-6,1.2000000,
,,,7.851999726E-6,1.2000000,
,,,7.855999684E-6,1.1840000,
,,,7.859999641E-6,1.1920000,
,,,7.863999599E-6,1.1840000,
,,,7.867999557E-6,1.1920000,
,,,7.871999514E-6,1.1760000,
,,,7.875999472E-6,1.1760000,
,,,7.879999430E-6,1.1760000,
,,,7.883999388E-6,1.1760000,
,,,7.887999345E-6,1.1760000,
,,,7.891999303E-6,1.1760000,
,,,7.896000170E-6,1.1680001,
,,,7.900000128E-6,1.1760000,
,,,7.904000086E-6,1.1760000,
,,,7.908000043E-6,1.1760000,
,,,7.912000001E-6,1.1760000,
,,,7.915999959E-6,1.1920000,
,,,7.919999916E-6,1.2080001,
,,,7.923999874E-6,1.2080001,
,,,7.927999832E-6,1.2080001,
,,,7.931999789E-6,1.2160001,
,,,7.935999747E-6,1.2160001,
,,,7.939999705E-6,1.2160001,
,,,7.943999663E-6,1.2240001,
,,,7.947999620E-6,1.2160001,
,,,7.951999578E-6,1.2320001,
,,,7.955999536E-6,1.2240001,
,,,7.959999493E-6,1.2320001,
,,,7.963999451E-6,1.2080001,
,,,7.967999409E-6,1.2000000,
,,,7.971999366E-6,1.2000000,
,,,7.975999324E-6,1.2080001,
,,,7.980000191E-6,1.2000000,
,,,7.984000149E-6,1.2000000,
,,,7.988000107E-6,1.1920000,
,,,7.992000064E-6,1.1920000,
,,,7.996000022E-6,1.1920000,
,,,7.999999980E-6,1.1680001,
,,,8.003999938E-6,1.1840000,
,,,8.007999895E-6,1.1840000,
,,,8.011999853E-6,1.1760000,
,,,8.015999811E-6,1.1840000,
,,,8.019999768E-6,1.1760000,
,,,8.023999726E-6,1.1680001,
,,,8.027999684E-6,1.1680001,
,,,8.031999641E-6,1.1760000,
,,,8.035999599E-6,1.1840000,
,,,8.039999557E-6,1.1840000,
,,,8.043999514E-6,1.1920000,
,,,8.047999472E-6,1.2000000,
,,,8.051999430E-6,1.2000000,
,,,8.055999388E-6,1.2080001,
,,,8.059999345E-6,1.2160001,
,,,8.063999303E-6,1.2240001,
,,,8.068000170E-6,1.2240001,
,,,8.072000128E-6,1.2160001,
,,,8.076000086E-6,1.2240001,
,,,8.080000043E-6,1.2160001,
,,,8.084000001E-6,1.2160001,
,,,8.087999959E-6,1.2080001,
,,,8.091999916E-6,1.2160001,
,,,8.095999874E-6,1.2000000,
,,,8.099999832E-6,1.2000000,
,,,8.103999789E-6,1.2000000,
,,,8.107999747E-6,1.2000000,
,,,8.111999705E-6,1.1920000,
,,,8.115999663E-6,1.2000000,
,,,8.119999620E-6,1.1760000,
,,,8.123999578E-6,1.1920000,
,,,8.127999536E-6,1.1680001,
,,,8.131999493E-6,1.1760000,
,,,8.135999451E-6,1.1680001,
,,,8.139999409E-6,1.1760000,
,,,8.143999366E-6,1.1760000,
,,,8.147999324E-6,1.1680001,
,,,8.152000191E-6,1.1760000,
,,,8.156000149E-6,1.1760000,
,,,8.160000107E-6,1.1840000,
,,,8.164000064E-6,1.1840000,
,,,8.168000022E-6,1.1920000,
,,,8.171999980E-6,1.1920000,
,,,8.175999938E-6,1.2000000,
,,,8.179999895E-6,1.2080001,
,,,8.183999853E-6,1.2160001,
,,,8.187999811E-6,1.2240001,
,,,8.191999768E-6,1.2160001,
,,,8.195999726E-6,1.2240001,
,,,8.199999684E-6,1.2240001,
,,,8.203999641E-6,1.2240001,
,,,8.207999599E-6,1.2160001,
,,,8.211999557E-6,1.2160001,
,,,8.215999515E-6,1.2080001,
,,,8.219999472E-6,1.2000000,
,,,8.223999430E-6,1.2000000,
,,,8.227999388E-6,1.2000000,
,,,8.231999345E-6,1.2080001,
,,,8.235999303E-6,1.1920000,
,,,8.240000170E-6,1.1920000,
,,,8.244000128E-6,1.1920000,
,,,8.248000086E-6,1.1920000,
,,,8.252000043E-6,1.1760000,
,,,8.256000001E-6,1.1840000,
,,,8.259999959E-6,1.1840000,
,,,8.263999916E-6,1.1840000,
,,,8.267999874E-6,1.1680001,
,,,8.271999832E-6,1.1680001,
,,,8.275999789E-6,1.1760000,
,,,8.279999747E-6,1.1760000,
,,,8.283999705E-6,1.1840000,
,,,8.287999663E-6,1.1760000,
,,,8.291999620E-6,1.1840000,
,,,8.295999578E-6,1.1920000,
,,,8.299999536E-6,1.2000000,
,,,8.303999493E-6,1.2080001,
,,,8.307999451E-6,1.2080001,
,,,8.311999409E-6,1.2160001,
,,,8.315999366E-6,1.2160001,
,,,8.319999324E-6,1.2240001,
,,,8.324000191E-6,1.2240001,
,,,8.328000149E-6,1.2240001,
,,,8.332000107E-6,1.2240001,
,,,8.336000064E-6,1.2160001,
,,,8.340000022E-6,1.2320001,
,,,8.343999980E-6,1.2080001,
,,,8.347999938E-6,1.2000000,
,,,8.351999895E-6,1.2000000,
,,,8.355999853E-6,1.2160001,
,,,8.359999811E-6,1.2080001,
,,,8.363999768E-6,1.1920000,
,,,8.367999726E-6,1.1920000,
,,,8.371999684E-6,1.2000000,
,,,8.375999641E-6,1.1840000,
,,,8.379999599E-6,1.1840000,
,,,8.383999557E-6,1.1840000,
,,,8.387999515E-6,1.1840000,
,,,8.391999472E-6,1.1760000,
,,,8.395999430E-6,1.1760000,
,,,8.399999388E-6,1.1760000,
,,,8.403999345E-6,1.1680001,
,,,8.407999303E-6,1.1680001,
,,,8.412000170E-6,1.1840000,
,,,8.416000128E-6,1.1760000,
,,,8.420000086E-6,1.1840000,
,,,8.424000043E-6,1.1920000,
,,,8.428000001E-6,1.2080001,
,,,8.431999959E-6,1.2160001,
,,,8.435999916E-6,1.2080001,
,,,8.439999874E-6,1.2160001,
,,,8.443999832E-6,1.2240001,
,,,8.447999789E-6,1.2240001,
,,,8.451999747E-6,1.2160001,
,,,8.455999705E-6,1.2240001,
,,,8.459999663E-6,1.2240001,
,,,8.463999620E-6,1.2240001,
,,,8.467999578E-6,1.2080001,
,,,8.471999536E-6,1.2160001,
,,,8.475999493E-6,1.2080001,
,,,8.479999451E-6,1.2080001,
,,,8.483999409E-6,1.2000000,
,,,8.487999366E-6,1.2080001,
,,,8.491999324E-6,1.1920000,
,,,8.495999282E-6,1.2000000,
,,,8.500000149E-6,1.1840000,
,,,8.504000107E-6,1.1920000,
,,,8.508000064E-6,1.1840000,
,,,8.512000022E-6,1.1840000,
,,,8.515999980E-6,1.1760000,
,,,8.519999938E-6,1.1840000,
,,,8.523999895E-6,1.1760000,
,,,8.527999853E-6,1.1760000,
,,,8.531999811E-6,1.1760000,
,,,8.535999768E-6,1.1760000,
,,,8.539999726E-6,1.1760000,
,,,8.543999684E-6,1.1840000,
,,,8.547999641E-6,1.1920000,
,,,8.551999599E-6,1.1920000,
,,,8.555999557E-6,1.2000000,
,,,8.559999515E-6,1.2000000,
,,,8.563999472E-6,1.2080001,
,,,8.567999430E-6,1.2160001,
,,,8.571999388E-6,1.2160001,
,,,8.575999345E-6,1.2240001,
,,,8.579999303E-6,1.2240001,
,,,8.584000170E-6,1.2240001,
,,,8.588000128E-6,1.2160001,
,,,8.592000086E-6,1.2160001,
,,,8.596000043E-6,1.2160001,
,,,8.600000001E-6,1.2080001,
,,,8.603999959E-6,1.2000000,
,,,8.607999916E-6,1.2000000,
,,,8.611999874E-6,1.1920000,
,,,8.615999832E-6,1.1840000,
,,,8.619999790E-6,1.1920000,
,,,8.623999747E-6,1.1920000,
,,,8.627999705E-6,1.1920000,
,,,8.631999663E-6,1.1760000,
,,,8.635999620E-6,1.1840000,
,,,8.639999578E-6,1.1840000,
,,,8.643999536E-6,1.1680001,
,,,8.647999493E-6,1.1680001,
,,,8.651999451E-6,1.1760000,
,,,8.655999409E-6,1.1680001,
,,,8.659999367E-6,1.1760000,
,,,8.663999324E-6,1.1760000,
,,,8.667999282E-6,1.1760000,
,,,8.672000149E-6,1.1840000,
,,,8.676000107E-6,1.1920000,
,,,8.680000064E-6,1.2000000,
,,,8.684000022E-6,1.2080001,
,,,8.687999980E-6,1.2080001,
,,,8.691999938E-6,1.2160001,
,,,8.695999895E-6,1.2240001,
,,,8.699999853E-6,1.2240001,
,,,8.703999811E-6,1.2320001,
,,,8.707999768E-6,1.2160001,
,,,8.711999726E-6,1.2160001,
,,,8.715999684E-6,1.2320001,
,,,8.719999641E-6,1.2160001,
,,,8.723999599E-6,1.2160001,
,,,8.727999557E-6,1.2080001,
,,,8.731999515E-6,1.2080001,
,,,8.735999472E-6,1.2080001,
,,,8.739999430E-6,1.2000000,
,,,8.743999388E-6,1.1920000,
,,,8.747999345E-6,1.1920000,
,,,8.751999303E-6,1.1920000,
,,,8.756000170E-6,1.1840000,
,,,8.760000128E-6,1.1840000,
,,,8.764000086E-6,1.1840000,
,,,8.768000043E-6,1.1920000,
,,,8.772000001E-6,1.1760000,
,,,8.775999959E-6,1.1760000,
,,,8.779999916E-6,1.1600001,
,,,8.783999874E-6,1.1840000,
,,,8.787999832E-6,1.1680001,
,,,8.791999790E-6,1.1680001,
,,,8.795999747E-6,1.1680001,
,,,8.799999705E-6,1.1920000,
,,,8.803999663E-6,1.1840000,
,,,8.807999620E-6,1.2000000,
,,,8.811999578E-6,1.2000000,
,,,8.815999536E-6,1.2080001,
,,,8.819999493E-6,1.2080001,
,,,8.823999451E-6,1.2160001,
,,,8.827999409E-6,1.2240001,
,,,8.831999367E-6,1.2080001,
,,,8.835999324E-6,1.2240001,
,,,8.839999282E-6,1.2240001,
,,,8.844000149E-6,1.2000000,
,,,8.848000107E-6,1.1920000,
,,,8.852000065E-6,1.2000000,
,,,8.856000022E-6,1.2000000,
,,,8.859999980E-6,1.2000000,
,,,8.863999938E-6,1.2000000,
,,,8.867999895E-6,1.2080001,
,,,8.871999853E-6,1.1920000,
,,,8.875999811E-6,1.1840000,
,,,8.879999768E-6,1.1760000,
,,,8.883999726E-6,1.1920000,
,,,8.887999684E-6,1.1840000,
,,,8.891999641E-6,1.1760000,
,,,8.895999599E-6,1.1760000,
,,,8.899999557E-6,1.1840000,
,,,8.903999515E-6,1.1760000,
,,,8.907999472E-6,1.1760000,
,,,8.911999430E-6,1.1680001,
,,,8.915999388E-6,1.1840000,
,,,8.919999345E-6,1.1680001,
,,,8.923999303E-6,1.1840000,
,,,8.928000170E-6,1.1760000,
,,,8.932000128E-6,1.1920000,
,,,8.936000086E-6,1.2000000,
,,,8.940000043E-6,1.2080001,
,,,8.944000001E-6,1.2080001,
,,,8.947999959E-6,1.2080001,
,,,8.951999916E-6,1.2240001,
,,,8.955999874E-6,1.2240001,
,,,8.959999832E-6,1.2240001,
,,,8.963999790E-6,1.2240001,
,,,8.967999747E-6,1.2160001,
,,,8.971999705E-6,1.2160001,
,,,8.975999663E-6,1.2160001,
,,,8.979999620E-6,1.2160001,
,,,8.983999578E-6,1.2000000,
,,,8.987999536E-6,1.2000000,
,,,8.991999493E-6,1.2080001,
,,,8.995999451E-6,1.1920000,
